company_id,company_name,category,period,period_idx,revenue,cost_of_goods_sold,operating_expenses,net_income,cash,accounts_receivable,inventory,accounts_payable,short_term_debt,long_term_debt,capital_expenditure,operating_cash_flow,investing_cash_flow,financing_cash_flow
C001,Apex Tech Solutions,Growing,2019-Q1,1,82.8,39.51,20.13,17.15,42.03,24.59,9.22,7.95,6.56,11.16,4.07,17.65,-3.62,-2.47
C001,Apex Tech Solutions,Growing,2019-Q2,2,97.28,45.91,23.91,20.37,55.28,25.41,7.53,9.6,6.56,11.16,6.11,22.44,-4.93,-4.26
C001,Apex Tech Solutions,Growing,2019-Q3,3,105.98,49.24,26.39,22.54,70.72,23.0,7.71,13.54,6.56,11.16,8.52,28.5,-8.07,-4.99
C001,Apex Tech Solutions,Growing,2019-Q4,4,108.57,51.76,26.85,22.25,89.81,23.04,10.33,9.49,6.56,11.16,5.75,27.93,-4.75,-4.09
C001,Apex Tech Solutions,Growing,2020-Q1,5,134.15,62.68,33.88,27.97,105.6,37.23,15.29,16.89,6.56,11.16,11.55,32.62,-11.42,-5.41
C001,Apex Tech Solutions,Growing,2020-Q2,6,158.38,73.58,38.99,34.13,129.25,37.83,13.03,19.34,6.56,11.16,8.56,37.95,-7.75,-6.56
C001,Apex Tech Solutions,Growing,2020-Q3,7,163.68,78.16,41.02,33.15,151.64,33.95,14.53,14.98,6.56,11.16,11.65,40.25,-11.15,-6.72
C001,Apex Tech Solutions,Growing,2020-Q4,8,169.97,79.82,41.84,36.01,181.39,46.39,17.06,21.45,6.56,11.16,7.82,40.86,-6.75,-4.36
C001,Apex Tech Solutions,Growing,2021-Q1,9,203.04,96.05,50.38,42.23,206.45,49.29,14.65,18.33,6.56,11.16,14.58,45.46,-14.11,-6.3
C001,Apex Tech Solutions,Growing,2021-Q2,10,234.19,112.63,57.47,47.85,240.67,56.45,25.4,22.85,6.56,11.16,12.76,52.21,-12.52,-5.46
C001,Apex Tech Solutions,Growing,2021-Q3,11,241.5,115.98,60.59,48.47,269.43,52.81,27.75,27.13,6.56,11.16,20.48,57.59,-20.0,-8.83
C001,Apex Tech Solutions,Growing,2021-Q4,12,252.61,118.24,62.44,53.73,306.09,71.19,27.91,21.36,6.56,11.16,15.38,61.29,-15.04,-9.58
C001,Apex Tech Solutions,Growing,2022-Q1,13,293.36,137.83,72.78,61.84,354.69,79.3,25.69,38.2,6.56,11.16,15.43,73.34,-14.68,-10.07
C001,Apex Tech Solutions,Growing,2022-Q2,14,333.67,156.54,81.18,71.74,394.52,87.07,31.35,28.98,6.56,11.16,28.5,80.16,-28.14,-12.18
C001,Apex Tech Solutions,Growing,2022-Q3,15,342.56,160.43,85.5,72.25,441.96,94.6,27.88,40.56,6.56,11.16,24.53,81.72,-23.58,-10.69
C001,Apex Tech Solutions,Growing,2022-Q4,16,347.06,161.54,87.19,73.53,489.9,80.54,27.24,29.74,6.56,11.16,25.64,84.54,-25.62,-10.98
C001,Apex Tech Solutions,Growing,2023-Q1,17,405.21,189.25,101.22,85.84,558.44,96.71,46.11,36.67,6.56,11.16,18.51,97.03,-17.12,-11.37
C001,Apex Tech Solutions,Growing,2023-Q2,18,447.28,209.6,111.59,94.34,633.45,126.01,43.08,48.83,6.56,11.16,19.97,106.18,-18.63,-12.55
C001,Apex Tech Solutions,Growing,2023-Q3,19,436.66,205.38,109.22,91.32,707.56,126.5,49.03,52.99,6.56,11.16,19.3,105.28,-19.06,-12.1
C001,Apex Tech Solutions,Growing,2023-Q4,20,457.15,217.24,111.1,96.38,771.6,96.07,47.0,39.21,6.56,11.16,30.83,107.68,-29.79,-13.85
C001,Apex Tech Solutions,Growing,2024-Q1,21,534.99,250.5,131.69,114.38,848.57,146.94,53.85,66.36,6.56,11.16,36.6,131.13,-36.46,-17.69
C001,Apex Tech Solutions,Growing,2024-Q2,22,595.1,278.96,146.01,127.38,928.76,176.92,52.81,75.1,6.56,11.16,47.45,145.68,-46.7,-18.8
C001,Apex Tech Solutions,Growing,2024-Q3,23,581.54,277.63,142.89,120.53,1000.86,117.72,59.57,54.89,6.56,11.16,51.0,140.32,-49.63,-18.6
C001,Apex Tech Solutions,Growing,2024-Q4,24,588.73,273.19,148.44,125.1,1096.89,142.95,67.39,75.5,6.56,11.16,32.22,145.03,-31.64,-17.36
C002,Horizon Logistics,Growing,2019-Q1,1,75.69,35.01,21.01,14.46,59.53,20.41,7.71,7.56,10.7,11.94,6.09,15.74,-4.88,-0.7
C002,Horizon Logistics,Growing,2019-Q2,2,81.23,37.63,22.34,15.65,70.93,20.32,8.65,9.22,10.7,11.94,6.48,19.55,-5.15,-3.0
C002,Horizon Logistics,Growing,2019-Q3,3,78.44,35.86,21.16,15.77,85.51,19.34,7.32,7.48,10.7,11.94,3.26,18.86,-3.2,-1.08
C002,Horizon Logistics,Growing,2019-Q4,4,76.66,34.74,20.76,15.58,98.79,19.34,7.89,7.0,10.7,11.94,3.39,18.81,-3.32,-2.21
C002,Horizon Logistics,Growing,2020-Q1,5,90.61,41.66,25.38,17.38,107.84,22.8,7.6,10.81,10.7,11.94,5.61,19.05,-5.5,-4.51
C002,Horizon Logistics,Growing,2020-Q2,6,102.37,47.51,28.52,19.46,122.05,27.6,9.07,9.38,10.7,11.94,5.38,20.82,-4.55,-2.06
C002,Horizon Logistics,Growing,2020-Q3,7,97.44,45.21,27.04,18.6,133.15,24.89,9.55,10.03,10.7,11.94,5.63,20.33,-4.5,-4.73
C002,Horizon Logistics,Growing,2020-Q4,8,98.4,44.15,26.56,20.47,149.8,20.08,10.4,11.05,10.7,11.94,4.42,23.51,-3.68,-3.18
C002,Horizon Logistics,Growing,2021-Q1,9,108.79,49.37,30.04,21.73,167.46,28.67,7.63,10.74,10.7,11.94,7.09,26.09,-5.8,-2.63
C002,Horizon Logistics,Growing,2021-Q2,10,116.39,52.32,31.45,24.17,187.58,30.76,7.99,12.48,10.7,11.94,8.0,30.59,-7.42,-3.05
C002,Horizon Logistics,Growing,2021-Q3,11,121.96,56.56,33.37,23.73,202.08,36.12,13.6,11.29,10.7,11.94,5.49,25.15,-5.47,-5.18
C002,Horizon Logistics,Growing,2021-Q4,12,113.3,52.0,30.61,22.72,221.78,26.27,12.19,9.48,10.7,11.94,6.13,28.28,-5.95,-2.62
C002,Horizon Logistics,Growing,2022-Q1,13,129.42,59.53,36.01,25.12,237.81,29.53,9.99,15.18,10.7,11.94,11.59,31.28,-10.97,-4.28
C002,Horizon Logistics,Growing,2022-Q2,14,144.87,66.74,39.57,28.62,258.9,42.46,15.74,14.88,10.7,11.94,11.26,34.87,-11.11,-2.68
C002,Horizon Logistics,Growing,2022-Q3,15,148.41,67.14,41.44,29.58,281.48,35.46,10.14,18.16,10.7,11.94,8.31,32.1,-6.88,-2.63
C002,Horizon Logistics,Growing,2022-Q4,16,146.12,66.78,40.38,28.93,302.96,35.78,11.98,14.22,10.7,11.94,11.34,34.81,-10.15,-3.18
C002,Horizon Logistics,Growing,2023-Q1,17,162.66,72.81,44.8,33.49,328.45,39.71,17.38,15.66,10.7,11.94,7.67,36.57,-6.53,-4.55
C002,Horizon Logistics,Growing,2023-Q2,18,175.85,78.85,47.53,36.8,360.99,47.5,12.4,20.67,10.7,11.94,7.75,43.74,-7.62,-3.57
C002,Horizon Logistics,Growing,2023-Q3,19,166.45,76.8,46.57,32.01,378.7,49.7,17.3,16.71,10.7,11.94,13.13,35.1,-12.29,-5.11
C002,Horizon Logistics,Growing,2023-Q4,20,157.17,72.78,42.53,31.1,401.13,39.18,11.0,16.51,10.7,11.94,7.22,33.54,-7.04,-4.07
C002,Horizon Logistics,Growing,2024-Q1,21,177.63,82.44,48.59,34.66,431.62,40.6,19.53,16.68,10.7,11.94,7.21,43.27,-5.76,-7.03
C002,Horizon Logistics,Growing,2024-Q2,22,205.76,95.23,56.62,40.14,463.46,61.58,14.99,22.41,10.7,11.94,13.61,49.75,-12.67,-5.24
C002,Horizon Logistics,Growing,2024-Q3,23,215.73,98.63,60.25,42.34,495.51,44.13,17.57,27.13,10.7,11.94,13.54,51.91,-12.61,-7.24
C002,Horizon Logistics,Growing,2024-Q4,24,207.6,93.42,56.99,42.6,524.06,48.86,19.47,17.54,10.7,11.94,18.54,52.29,-17.49,-6.25
C003,Beacon Healthcare,Growing,2019-Q1,1,78.46,36.64,17.0,18.09,67.32,22.49,5.66,6.69,13.23,29.0,6.32,19.39,-4.84,-4.11
C003,Beacon Healthcare,Growing,2019-Q2,2,92.89,43.68,19.69,21.61,80.86,27.59,10.23,11.52,13.23,29.0,5.64,23.79,-5.23,-5.02
C003,Beacon Healthcare,Growing,2019-Q3,3,94.67,45.24,20.57,21.13,97.62,24.19,10.26,12.42,13.23,29.0,4.96,25.69,-4.28,-4.65
C003,Beacon Healthcare,Growing,2019-Q4,4,96.25,45.91,20.59,21.79,114.45,21.45,9.97,11.1,13.23,29.0,4.4,23.41,-3.39,-3.19
C003,Beacon Healthcare,Growing,2020-Q1,5,110.18,52.34,23.52,25.21,133.56,28.22,12.44,11.53,13.23,29.0,4.57,25.84,-3.43,-3.3
C003,Beacon Healthcare,Growing,2020-Q2,6,130.7,61.73,27.52,30.56,157.86,27.92,9.35,13.28,13.23,29.0,7.79,34.4,-7.13,-2.97
C003,Beacon Healthcare,Growing,2020-Q3,7,132.99,63.01,28.21,30.8,173.6,34.87,14.88,17.32,13.23,29.0,11.48,32.07,-10.74,-5.59
C003,Beacon Healthcare,Growing,2020-Q4,8,125.94,58.9,27.34,29.25,193.37,31.39,10.77,14.33,13.23,29.0,5.52,30.97,-5.32,-5.87
C003,Beacon Healthcare,Growing,2021-Q1,9,139.27,64.84,30.14,32.69,216.45,34.45,14.05,12.79,13.23,29.0,5.86,34.46,-5.6,-5.79
C003,Beacon Healthcare,Growing,2021-Q2,10,160.49,74.22,33.62,38.97,241.52,34.03,14.55,14.89,13.23,29.0,10.46,42.19,-9.42,-7.69
C003,Beacon Healthcare,Growing,2021-Q3,11,164.73,75.88,35.61,39.4,267.49,48.12,11.85,15.76,13.23,29.0,12.75,45.51,-12.48,-7.07
C003,Beacon Healthcare,Growing,2021-Q4,12,171.68,80.01,36.55,40.82,302.1,44.95,14.95,18.1,13.23,29.0,7.18,46.69,-6.8,-5.27
C003,Beacon Healthcare,Growing,2022-Q1,13,196.04,91.96,41.1,46.71,333.13,47.98,18.69,18.78,13.23,29.0,11.54,50.26,-11.51,-7.72
C003,Beacon Healthcare,Growing,2022-Q2,14,228.92,106.01,48.43,55.34,367.96,48.53,25.34,25.37,13.23,29.0,18.19,62.23,-17.44,-9.95
C003,Beacon Healthcare,Growing,2022-Q3,15,247.02,116.86,52.47,57.74,409.76,52.55,20.84,25.28,13.23,29.0,16.93,64.91,-16.4,-6.71
C003,Beacon Healthcare,Growing,2022-Q4,16,256.11,120.49,53.98,60.71,452.29,53.83,19.91,24.65,13.23,29.0,12.63,65.15,-12.21,-10.41
C003,Beacon Healthcare,Growing,2023-Q1,17,271.77,129.77,56.99,63.23,501.34,65.17,32.05,34.59,13.23,29.0,14.38,71.97,-14.12,-8.81
C003,Beacon Healthcare,Growing,2023-Q2,18,314.89,150.05,67.23,72.68,552.28,80.98,26.71,38.56,13.23,29.0,17.69,78.87,-17.05,-10.87
C003,Beacon Healthcare,Growing,2023-Q3,19,314.53,148.0,66.43,74.55,609.46,81.19,24.48,33.76,13.23,29.0,13.4,82.72,-12.89,-12.64
C003,Beacon Healthcare,Growing,2023-Q4,20,314.39,144.71,68.28,75.52,659.19,73.01,33.43,29.73,13.23,29.0,24.53,84.81,-23.63,-11.44
C003,Beacon Healthcare,Growing,2024-Q1,21,340.96,162.47,73.59,78.15,721.42,101.1,26.39,41.12,13.23,29.0,16.73,89.61,-16.63,-10.76
C003,Beacon Healthcare,Growing,2024-Q2,22,376.44,176.88,81.28,88.19,787.84,80.55,40.6,35.4,13.23,29.0,18.15,95.92,-16.93,-12.57
C003,Beacon Healthcare,Growing,2024-Q3,23,357.37,169.95,75.8,83.2,848.89,100.66,32.95,37.0,13.23,29.0,19.68,92.07,-18.56,-12.47
C003,Beacon Healthcare,Growing,2024-Q4,24,363.94,168.67,78.76,86.86,918.15,86.76,34.47,45.65,13.23,29.0,16.68,97.05,-15.28,-12.52
C004,Vanguard Manufacturing,Growing,2019-Q1,1,75.78,35.96,19.1,15.04,56.35,15.41,7.44,9.22,13.94,25.77,4.33,19.59,-3.1,-3.81
C004,Vanguard Manufacturing,Growing,2019-Q2,2,81.94,39.83,20.15,15.97,66.13,19.64,9.15,7.77,13.94,25.77,6.24,16.77,-5.16,-1.83
C004,Vanguard Manufacturing,Growing,2019-Q3,3,81.78,38.82,20.29,16.51,76.88,17.84,9.35,9.25,13.94,25.77,5.16,18.35,-3.74,-3.86
C004,Vanguard Manufacturing,Growing,2019-Q4,4,84.71,40.75,21.15,16.61,93.08,22.12,6.19,10.89,13.94,25.77,5.78,21.74,-4.74,-0.8
C004,Vanguard Manufacturing,Growing,2020-Q1,5,92.08,44.28,23.08,18.04,110.09,22.32,9.9,12.11,13.94,25.77,5.76,23.36,-5.59,-0.77
C004,Vanguard Manufacturing,Growing,2020-Q2,6,103.44,50.26,25.43,20.31,124.17,30.21,11.91,11.65,13.94,25.77,6.2,23.91,-6.12,-3.71
C004,Vanguard Manufacturing,Growing,2020-Q3,7,99.06,47.56,25.14,19.27,137.45,23.24,8.78,12.07,13.94,25.77,5.08,22.0,-4.4,-4.33
C004,Vanguard Manufacturing,Growing,2020-Q4,8,92.74,43.88,23.15,18.78,150.71,22.43,10.6,9.49,13.94,25.77,6.64,22.04,-6.62,-2.16
C004,Vanguard Manufacturing,Growing,2021-Q1,9,102.36,48.26,26.06,20.53,167.79,25.61,10.11,9.01,13.94,25.77,5.17,25.16,-3.82,-4.26
C004,Vanguard Manufacturing,Growing,2021-Q2,10,109.85,52.01,26.91,22.7,185.63,27.15,10.74,9.7,13.94,25.77,6.88,27.58,-6.1,-3.64
C004,Vanguard Manufacturing,Growing,2021-Q3,11,112.22,53.06,27.66,23.13,197.85,32.12,12.98,11.53,13.94,25.77,8.1,25.08,-7.49,-5.37
C004,Vanguard Manufacturing,Growing,2021-Q4,12,103.74,49.05,26.12,20.93,207.97,27.58,7.49,9.92,13.94,25.77,7.63,22.45,-7.6,-4.72
C004,Vanguard Manufacturing,Growing,2022-Q1,13,113.65,54.82,28.07,22.57,224.66,23.86,9.56,13.83,13.94,25.77,9.26,28.08,-8.67,-2.71
C004,Vanguard Manufacturing,Growing,2022-Q2,14,127.73,60.51,31.62,26.2,244.3,36.99,9.16,11.41,13.94,25.77,5.28,28.24,-5.01,-3.6
C004,Vanguard Manufacturing,Growing,2022-Q3,15,129.33,62.79,32.08,25.35,259.92,29.22,11.8,15.01,13.94,25.77,9.21,27.81,-8.6,-3.59
C004,Vanguard Manufacturing,Growing,2022-Q4,16,126.44,60.46,31.3,25.51,281.97,37.28,13.69,11.73,13.94,25.77,8.14,31.48,-6.8,-2.63
C004,Vanguard Manufacturing,Growing,2023-Q1,17,139.17,66.1,34.79,28.21,299.19,36.65,11.62,12.82,13.94,25.77,12.42,34.39,-11.63,-5.54
C004,Vanguard Manufacturing,Growing,2023-Q2,18,153.99,73.15,37.7,31.86,321.31,44.88,11.83,17.38,13.94,25.77,10.43,35.03,-9.45,-3.46
C004,Vanguard Manufacturing,Growing,2023-Q3,19,153.01,73.65,38.44,30.19,339.52,33.28,17.78,16.34,13.94,25.77,10.09,34.1,-10.02,-5.86
C004,Vanguard Manufacturing,Growing,2023-Q4,20,154.62,74.83,37.95,30.88,360.39,40.25,13.06,16.38,13.94,25.77,8.93,34.17,-7.86,-5.44
C004,Vanguard Manufacturing,Growing,2024-Q1,21,167.3,80.73,42.49,32.56,380.14,45.72,13.84,14.78,13.94,25.77,11.67,36.24,-11.59,-4.9
C004,Vanguard Manufacturing,Growing,2024-Q2,22,199.43,95.98,49.45,40.0,409.29,55.26,15.42,18.0,13.94,25.77,12.92,47.31,-11.89,-6.26
C004,Vanguard Manufacturing,Growing,2024-Q3,23,200.71,97.37,50.49,39.14,430.94,45.6,20.35,21.04,13.94,25.77,17.23,42.74,-17.03,-4.07
C004,Vanguard Manufacturing,Growing,2024-Q4,24,194.08,92.84,47.83,39.55,460.42,49.33,22.03,23.51,13.94,25.77,14.16,47.13,-13.12,-4.54
C005,Solaris Energy,Growing,2019-Q1,1,73.15,30.3,20.57,16.36,75.09,16.81,7.35,8.4,5.39,24.11,4.66,21.49,-3.37,-1.08
C005,Solaris Energy,Growing,2019-Q2,2,82.47,34.56,23.31,18.1,87.78,16.8,7.25,7.02,5.39,24.11,3.62,18.62,-2.57,-3.35
C005,Solaris Energy,Growing,2019-Q3,3,81.83,34.29,22.87,18.15,100.93,22.84,6.24,8.32,5.39,24.11,5.79,23.21,-5.44,-4.63
C005,Solaris Energy,Growing,2019-Q4,4,81.82,35.05,22.39,17.93,114.89,23.52,7.11,9.6,5.39,24.11,7.36,22.41,-6.83,-1.62
C005,Solaris Energy,Growing,2020-Q1,5,90.89,38.56,25.74,19.59,125.97,27.12,8.75,8.55,5.39,24.11,6.99,22.21,-6.63,-4.5
C005,Solaris Energy,Growing,2020-Q2,6,94.9,39.83,26.25,21.26,136.0,21.79,6.9,7.34,5.39,24.11,8.48,21.52,-7.84,-3.65
C005,Solaris Energy,Growing,2020-Q3,7,91.99,39.53,25.96,19.52,152.13,19.22,7.58,10.59,5.39,24.11,5.83,25.31,-4.91,-4.26
C005,Solaris Energy,Growing,2020-Q4,8,93.39,40.2,25.78,20.21,166.82,27.48,8.64,9.68,5.39,24.11,4.81,23.38,-4.55,-4.15
C005,Solaris Energy,Growing,2021-Q1,9,106.93,44.87,29.31,24.21,190.3,31.75,10.7,12.24,5.39,24.11,5.21,30.7,-4.61,-2.6
C005,Solaris Energy,Growing,2021-Q2,10,117.98,50.19,32.46,26.14,207.66,33.22,8.66,10.16,5.39,24.11,8.22,30.26,-7.35,-5.56
C005,Solaris Energy,Growing,2021-Q3,11,116.72,48.54,33.07,25.98,226.53,34.5,11.47,12.67,5.39,24.11,7.88,30.88,-7.75,-4.26
C005,Solaris Energy,Growing,2021-Q4,12,118.18,49.63,32.66,26.57,244.1,32.18,9.91,9.34,5.39,24.11,8.76,28.81,-8.65,-2.58
C005,Solaris Energy,Growing,2022-Q1,13,120.08,50.88,33.94,26.1,260.71,28.19,11.08,12.04,5.39,24.11,10.08,28.77,-8.88,-3.28
C005,Solaris Energy,Growing,2022-Q2,14,131.55,56.31,37.24,28.15,280.62,35.63,13.16,14.06,5.39,24.11,9.33,33.7,-8.2,-5.59
C005,Solaris Energy,Growing,2022-Q3,15,130.12,55.46,35.81,28.78,302.19,36.67,12.93,12.8,5.39,24.11,7.07,30.12,-6.15,-2.39
C005,Solaris Energy,Growing,2022-Q4,16,126.54,53.7,34.97,28.05,320.67,33.33,10.95,13.85,5.39,24.11,9.88,29.89,-9.06,-2.36
C005,Solaris Energy,Growing,2023-Q1,17,147.52,63.35,40.51,32.4,341.18,43.33,13.86,11.83,5.39,24.11,11.12,36.06,-11.02,-4.53
C005,Solaris Energy,Growing,2023-Q2,18,158.92,66.67,44.56,35.42,368.36,32.51,15.81,18.49,5.39,24.11,12.31,43.58,-12.12,-4.28
C005,Solaris Energy,Growing,2023-Q3,19,158.27,67.53,44.48,34.34,393.96,38.71,11.98,18.89,5.39,24.11,9.9,39.23,-9.66,-3.97
C005,Solaris Energy,Growing,2023-Q4,20,148.55,63.19,40.99,32.93,412.46,30.93,13.78,15.51,5.39,24.11,13.0,36.49,-12.78,-5.21
C005,Solaris Energy,Growing,2024-Q1,21,166.91,70.85,46.38,36.91,441.61,37.96,17.6,15.65,5.39,24.11,8.6,44.84,-8.28,-7.41
C005,Solaris Energy,Growing,2024-Q2,22,190.82,81.04,52.96,42.26,468.34,54.66,15.99,22.43,5.39,24.11,15.92,46.73,-14.76,-5.26
C005,Solaris Energy,Growing,2024-Q3,23,193.23,81.98,53.12,43.25,499.54,39.27,19.85,19.81,5.39,24.11,12.38,51.4,-12.21,-7.99
C005,Solaris Energy,Growing,2024-Q4,24,195.77,83.25,54.47,43.18,533.25,43.08,16.58,15.52,5.39,24.11,10.46,50.21,-9.27,-7.24
C006,Quantum Dynamics,Growing,2019-Q1,1,87.11,35.87,19.79,23.25,63.97,21.61,5.76,7.33,11.0,15.83,4.1,28.54,-3.36,-3.01
C006,Quantum Dynamics,Growing,2019-Q2,2,97.25,39.92,22.56,25.73,78.84,19.54,7.29,9.25,11.0,15.83,5.59,25.97,-5.55,-5.55
C006,Quantum Dynamics,Growing,2019-Q3,3,92.7,37.85,21.61,24.58,92.49,25.96,6.44,7.45,11.0,15.83,6.66,24.8,-5.6,-5.56
C006,Quantum Dynamics,Growing,2019-Q4,4,89.93,37.26,20.44,23.83,111.04,22.85,8.23,9.95,11.0,15.83,7.2,27.57,-6.69,-2.32
C006,Quantum Dynamics,Growing,2020-Q1,5,103.32,42.0,24.05,27.62,131.08,26.1,9.37,7.9,11.0,15.83,5.41,27.86,-5.17,-2.66
C006,Quantum Dynamics,Growing,2020-Q2,6,114.6,46.15,27.02,30.73,155.67,26.78,7.76,11.95,11.0,15.83,7.44,34.93,-6.61,-3.73
C006,Quantum Dynamics,Growing,2020-Q3,7,112.61,45.31,26.25,30.45,177.15,23.34,6.94,9.32,11.0,15.83,9.39,33.37,-8.3,-3.6
C006,Quantum Dynamics,Growing,2020-Q4,8,110.52,44.88,25.42,29.83,201.69,26.21,11.16,8.26,11.0,15.83,7.62,35.08,-6.96,-3.57
C006,Quantum Dynamics,Growing,2021-Q1,9,126.14,52.19,29.1,33.29,224.65,28.72,10.92,14.16,11.0,15.83,8.97,35.05,-8.03,-4.06
C006,Quantum Dynamics,Growing,2021-Q2,10,138.96,55.76,32.43,37.74,257.88,40.42,9.37,11.36,11.0,15.83,6.82,44.46,-5.53,-5.69
C006,Quantum Dynamics,Growing,2021-Q3,11,138.54,56.3,32.08,37.28,281.53,32.68,11.78,11.05,11.0,15.83,12.26,40.48,-11.87,-4.97
C006,Quantum Dynamics,Growing,2021-Q4,12,134.05,54.21,31.36,36.02,308.8,28.56,13.39,12.22,11.0,15.83,5.85,38.2,-5.6,-5.32
C006,Quantum Dynamics,Growing,2022-Q1,13,152.64,61.99,34.97,41.42,341.58,39.95,13.68,12.19,11.0,15.83,6.39,43.62,-5.28,-5.56
C006,Quantum Dynamics,Growing,2022-Q2,14,165.95,67.51,38.93,44.29,373.2,46.56,14.08,18.01,11.0,15.83,7.57,47.19,-7.16,-8.41
C006,Quantum Dynamics,Growing,2022-Q3,15,166.31,66.48,37.9,46.1,412.15,40.78,16.18,14.07,11.0,15.83,7.0,50.69,-6.78,-4.97
C006,Quantum Dynamics,Growing,2022-Q4,16,162.9,67.57,36.95,43.44,443.92,48.08,14.45,18.03,11.0,15.83,10.72,47.6,-9.98,-5.85
C006,Quantum Dynamics,Growing,2023-Q1,17,186.07,74.87,43.35,50.54,477.26,55.26,11.93,18.51,11.0,15.83,15.52,55.4,-15.25,-6.81
C006,Quantum Dynamics,Growing,2023-Q2,18,199.06,82.16,46.88,52.17,517.57,53.41,16.41,19.87,11.0,15.83,13.64,60.01,-13.6,-6.1
C006,Quantum Dynamics,Growing,2023-Q3,19,201.62,81.17,46.95,54.78,554.55,48.26,17.46,15.48,11.0,15.83,18.14,61.36,-18.07,-6.31
C006,Quantum Dynamics,Growing,2023-Q4,20,203.94,82.74,47.89,54.64,597.89,56.74,17.1,21.0,11.0,15.83,12.28,62.65,-11.79,-7.52
C006,Quantum Dynamics,Growing,2024-Q1,21,229.63,94.63,53.0,61.16,640.49,64.7,15.33,22.19,11.0,15.83,12.91,64.55,-12.36,-9.59
C006,Quantum Dynamics,Growing,2024-Q2,22,258.37,106.04,59.52,69.26,695.17,63.27,18.43,23.05,11.0,15.83,11.28,74.77,-10.38,-9.72
C006,Quantum Dynamics,Growing,2024-Q3,23,248.58,100.75,58.36,66.76,744.22,62.62,19.94,18.39,11.0,15.83,14.67,72.81,-14.07,-9.69
C006,Quantum Dynamics,Growing,2024-Q4,24,258.91,105.58,60.17,69.53,801.0,71.59,24.42,26.59,11.0,15.83,10.59,79.48,-10.3,-12.4
C007,Pinnacle Bio,Growing,2019-Q1,1,102.46,43.06,27.85,23.26,42.03,23.64,9.92,10.07,14.34,17.03,7.23,25.47,-6.15,-4.4
C007,Pinnacle Bio,Growing,2019-Q2,2,113.76,48.11,30.72,25.8,59.64,24.81,10.49,9.53,14.34,17.03,8.58,29.63,-8.42,-3.6
C007,Pinnacle Bio,Growing,2019-Q3,3,119.97,51.01,32.29,27.09,77.55,31.59,12.5,12.25,14.34,17.03,10.1,32.88,-9.76,-5.22
C007,Pinnacle Bio,Growing,2019-Q4,4,121.08,51.61,33.08,26.89,94.93,34.38,12.39,11.11,14.34,17.03,9.57,29.28,-9.16,-2.74
C007,Pinnacle Bio,Growing,2020-Q1,5,145.62,60.79,40.12,33.12,115.92,35.7,12.69,11.96,14.34,17.03,12.11,39.36,-11.78,-6.59
C007,Pinnacle Bio,Growing,2020-Q2,6,162.24,67.53,44.73,37.07,143.53,42.3,13.82,13.72,14.34,17.03,11.31,41.79,-10.57,-3.61
C007,Pinnacle Bio,Growing,2020-Q3,7,166.58,70.42,45.54,37.56,172.56,45.27,15.44,19.66,14.34,17.03,7.53,40.8,-6.44,-5.32
C007,Pinnacle Bio,Growing,2020-Q4,8,164.84,69.32,44.43,37.91,199.4,34.38,16.6,13.81,14.34,17.03,8.46,42.18,-7.93,-7.41
C007,Pinnacle Bio,Growing,2021-Q1,9,184.69,79.31,50.09,41.05,231.3,46.91,18.88,19.44,14.34,17.03,10.38,47.26,-9.88,-5.48
C007,Pinnacle Bio,Growing,2021-Q2,10,210.83,91.23,58.18,45.66,260.23,53.92,20.35,20.67,14.34,17.03,14.36,50.0,-12.92,-8.15
C007,Pinnacle Bio,Growing,2021-Q3,11,208.08,88.43,56.13,47.24,291.84,50.99,19.95,18.99,14.34,17.03,16.6,54.96,-15.21,-8.15
C007,Pinnacle Bio,Growing,2021-Q4,12,214.14,90.5,57.89,48.9,327.55,64.08,21.97,21.18,14.34,17.03,14.14,57.9,-13.21,-8.98
C007,Pinnacle Bio,Growing,2022-Q1,13,241.5,103.82,66.96,52.64,366.78,65.42,15.95,21.83,14.34,17.03,14.01,59.25,-13.88,-6.15
C007,Pinnacle Bio,Growing,2022-Q2,14,278.2,118.31,75.68,62.75,408.09,66.68,23.04,28.4,14.34,17.03,23.92,71.93,-23.17,-7.44
C007,Pinnacle Bio,Growing,2022-Q3,15,279.35,120.58,75.41,62.11,450.11,78.71,22.68,32.29,14.34,17.03,22.43,73.37,-21.25,-10.1
C007,Pinnacle Bio,Growing,2022-Q4,16,286.18,119.4,78.16,66.06,497.64,62.2,26.21,25.63,14.34,17.03,20.62,78.29,-19.39,-11.38
C007,Pinnacle Bio,Growing,2023-Q1,17,350.07,150.13,94.73,78.51,558.33,87.61,28.5,29.22,14.34,17.03,15.2,89.08,-15.16,-13.24
C007,Pinnacle Bio,Growing,2023-Q2,18,395.91,171.12,108.76,86.62,621.23,117.42,33.07,36.14,14.34,17.03,24.54,99.71,-24.38,-12.43
C007,Pinnacle Bio,Growing,2023-Q3,19,407.91,174.14,110.28,92.22,674.45,84.08,39.72,39.35,14.34,17.03,36.61,102.8,-36.52,-13.05
C007,Pinnacle Bio,Growing,2023-Q4,20,397.79,172.07,107.92,87.94,730.22,85.22,27.9,36.19,14.34,17.03,29.68,98.5,-29.59,-13.15
C007,Pinnacle Bio,Growing,2024-Q1,21,435.83,185.86,119.62,97.36,805.56,105.74,30.31,49.93,14.34,17.03,21.67,111.41,-21.12,-14.95
C007,Pinnacle Bio,Growing,2024-Q2,22,509.7,219.13,141.05,111.74,897.9,141.15,33.11,48.56,14.34,17.03,20.88,128.55,-20.49,-15.72
C007,Pinnacle Bio,Growing,2024-Q3,23,518.93,217.7,139.49,120.9,987.1,116.3,53.9,56.64,14.34,17.03,33.42,140.39,-33.25,-17.94
C007,Pinnacle Bio,Growing,2024-Q4,24,508.46,215.37,141.32,113.42,1060.55,106.68,42.82,42.0,14.34,17.03,39.08,129.33,-38.37,-17.51
C008,Nexus Cloud Systems,Growing,2019-Q1,1,80.73,38.25,22.21,14.83,70.53,16.46,9.19,8.65,12.87,16.31,5.89,18.32,-4.55,-1.68
C008,Nexus Cloud Systems,Growing,2019-Q2,2,95.26,45.79,25.4,17.67,80.02,23.99,7.56,11.62,12.87,16.31,7.05,20.8,-6.99,-4.31
C008,Nexus Cloud Systems,Growing,2019-Q3,3,94.13,44.27,25.05,18.24,93.71,27.83,9.91,9.53,12.87,16.31,5.41,20.02,-4.25,-2.09
C008,Nexus Cloud Systems,Growing,2019-Q4,4,94.14,44.48,25.21,17.96,108.72,19.75,9.61,11.41,12.87,16.31,3.86,19.57,-3.74,-0.82
C008,Nexus Cloud Systems,Growing,2020-Q1,5,108.99,52.41,29.44,19.98,121.97,24.04,8.5,12.66,12.87,16.31,7.87,25.16,-7.07,-4.83
C008,Nexus Cloud Systems,Growing,2020-Q2,6,119.65,58.32,32.86,20.97,136.82,27.43,14.46,14.01,12.87,16.31,9.26,25.41,-8.04,-2.52
C008,Nexus Cloud Systems,Growing,2020-Q3,7,118.23,57.54,31.73,21.34,147.99,28.05,11.12,12.89,12.87,16.31,10.3,25.83,-9.94,-4.72
C008,Nexus Cloud Systems,Growing,2020-Q4,8,114.82,54.28,31.64,21.3,163.0,30.38,9.69,14.2,12.87,16.31,9.45,27.27,-8.07,-4.19
C008,Nexus Cloud Systems,Growing,2021-Q1,9,128.37,62.27,35.15,22.84,175.02,35.64,13.43,12.31,12.87,16.31,11.46,27.33,-10.05,-5.25
C008,Nexus Cloud Systems,Growing,2021-Q2,10,150.58,71.09,40.26,29.05,193.49,41.05,16.48,14.31,12.87,16.31,12.35,33.91,-11.25,-4.19
C008,Nexus Cloud Systems,Growing,2021-Q3,11,151.38,71.85,41.19,28.38,215.59,40.7,17.05,17.5,12.87,16.31,7.27,34.89,-6.57,-6.22
C008,Nexus Cloud Systems,Growing,2021-Q4,12,161.71,76.59,44.28,30.25,242.06,48.38,12.25,16.86,12.87,16.31,8.12,37.36,-7.29,-3.61
C008,Nexus Cloud Systems,Growing,2022-Q1,13,175.9,83.68,48.28,32.58,261.3,44.93,12.6,21.43,12.87,16.31,13.59,35.59,-13.29,-3.05
C008,Nexus Cloud Systems,Growing,2022-Q2,14,199.83,95.11,53.85,37.77,292.74,42.94,17.17,25.46,12.87,16.31,11.67,47.21,-11.0,-4.78
C008,Nexus Cloud Systems,Growing,2022-Q3,15,200.79,95.66,54.3,37.75,314.96,54.13,14.38,23.15,12.87,16.31,16.01,43.4,-15.87,-5.31
C008,Nexus Cloud Systems,Growing,2022-Q4,16,205.04,98.04,55.96,37.91,342.1,42.34,20.39,23.15,12.87,16.31,14.39,44.99,-13.37,-4.47
C008,Nexus Cloud Systems,Growing,2023-Q1,17,235.96,112.9,62.95,44.71,370.7,48.57,20.71,29.18,12.87,16.31,18.74,53.51,-17.97,-6.95
C008,Nexus Cloud Systems,Growing,2023-Q2,18,260.58,122.93,70.23,50.19,405.6,63.43,19.53,24.84,12.87,16.31,20.01,59.21,-18.51,-5.8
C008,Nexus Cloud Systems,Growing,2023-Q3,19,252.63,121.54,69.34,45.93,434.56,53.52,23.21,32.08,12.87,16.31,17.33,53.56,-16.45,-8.15
C008,Nexus Cloud Systems,Growing,2023-Q4,20,264.54,125.89,71.31,50.13,469.14,53.6,19.19,33.13,12.87,16.31,17.43,57.33,-16.99,-5.76
C008,Nexus Cloud Systems,Growing,2024-Q1,21,293.92,142.74,80.85,52.37,510.57,64.25,32.87,32.23,12.87,16.31,13.72,61.97,-13.6,-6.94
C008,Nexus Cloud Systems,Growing,2024-Q2,22,314.84,150.63,85.22,58.87,558.53,85.94,34.13,29.51,12.87,16.31,14.72,69.75,-13.6,-8.2
C008,Nexus Cloud Systems,Growing,2024-Q3,23,313.47,148.56,84.2,60.15,601.15,91.1,25.99,30.78,12.87,16.31,19.59,71.81,-18.42,-10.76
C008,Nexus Cloud Systems,Growing,2024-Q4,24,310.06,148.29,82.57,59.02,644.77,63.95,35.69,28.76,12.87,16.31,18.78,69.13,-18.25,-7.25
C009,Titan Heavy Industries,Growing,2019-Q1,1,56.32,28.49,13.65,10.34,63.32,14.95,4.84,6.74,5.52,18.38,4.99,11.76,-4.08,-2.15
C009,Titan Heavy Industries,Growing,2019-Q2,2,62.03,30.31,14.97,12.27,73.42,13.8,5.31,8.03,5.52,18.38,4.1,14.43,-3.93,-0.4
C009,Titan Heavy Industries,Growing,2019-Q3,3,61.9,30.98,15.18,11.52,79.58,12.88,6.07,7.08,5.52,18.38,5.4,11.33,-4.13,-1.05
C009,Titan Heavy Industries,Growing,2019-Q4,4,62.32,30.89,15.2,11.88,85.47,16.52,6.32,5.75,5.52,18.38,5.01,13.78,-4.32,-3.57
C009,Titan Heavy Industries,Growing,2020-Q1,5,69.46,34.14,16.78,13.62,94.26,16.19,7.71,7.92,5.52,18.38,5.83,13.86,-4.51,-0.56
C009,Titan Heavy Industries,Growing,2020-Q2,6,79.86,39.22,19.51,15.55,103.68,23.84,8.91,7.17,5.52,18.38,5.05,15.29,-3.68,-2.18
C009,Titan Heavy Industries,Growing,2020-Q3,7,78.15,39.03,19.38,14.52,113.0,18.6,8.88,10.79,5.52,18.38,5.17,15.06,-4.74,-1.01
C009,Titan Heavy Industries,Growing,2020-Q4,8,78.34,39.0,19.28,14.75,126.51,21.92,7.39,10.59,5.52,18.38,3.75,17.26,-2.71,-1.04
C009,Titan Heavy Industries,Growing,2021-Q1,9,90.97,45.89,22.07,16.97,133.58,27.14,7.53,9.19,5.52,18.38,7.71,17.72,-6.72,-3.94
C009,Titan Heavy Industries,Growing,2021-Q2,10,101.61,50.31,24.99,19.44,146.72,21.17,11.99,13.1,5.52,18.38,8.98,22.47,-8.35,-0.98
C009,Titan Heavy Industries,Growing,2021-Q3,11,105.54,51.68,26.23,20.43,163.22,25.62,8.59,9.37,5.52,18.38,7.0,23.93,-5.93,-1.5
C009,Titan Heavy Industries,Growing,2021-Q4,12,110.07,53.71,27.2,21.58,177.12,24.08,12.67,14.07,5.52,18.38,8.31,25.09,-7.84,-3.35
C009,Titan Heavy Industries,Growing,2022-Q1,13,124.31,61.35,30.43,24.11,191.54,35.16,11.26,12.11,5.52,18.38,10.11,29.04,-9.96,-4.66
C009,Titan Heavy Industries,Growing,2022-Q2,14,145.7,71.28,35.45,28.94,213.87,35.7,16.03,17.47,5.52,18.38,8.4,33.92,-7.13,-4.46
C009,Titan Heavy Industries,Growing,2022-Q3,15,146.76,71.75,36.18,28.83,230.31,34.12,15.69,13.42,5.52,18.38,12.15,31.22,-11.81,-2.98
C009,Titan Heavy Industries,Growing,2022-Q4,16,147.7,72.66,36.36,28.71,252.27,39.79,14.62,15.3,5.52,18.38,6.15,31.35,-5.7,-3.69
C009,Titan Heavy Industries,Growing,2023-Q1,17,170.99,85.43,41.46,32.79,274.26,49.71,18.54,20.17,5.52,18.38,10.66,35.43,-9.97,-3.46
C009,Titan Heavy Industries,Growing,2023-Q2,18,196.94,97.93,47.98,37.98,294.89,58.63,15.77,21.77,5.52,18.38,15.16,40.99,-13.79,-6.58
C009,Titan Heavy Industries,Growing,2023-Q3,19,195.73,98.75,48.41,36.15,322.34,54.9,14.99,27.28,5.52,18.38,10.81,43.32,-9.57,-6.3
C009,Titan Heavy Industries,Growing,2023-Q4,20,200.38,100.94,48.3,38.07,350.72,54.18,20.6,19.14,5.52,18.38,8.14,42.32,-7.44,-6.51
C009,Titan Heavy Industries,Growing,2024-Q1,21,217.08,106.88,53.66,42.11,378.92,44.46,25.68,28.35,5.52,18.38,15.12,49.56,-13.78,-7.58
C009,Titan Heavy Industries,Growing,2024-Q2,22,250.8,122.39,60.76,50.45,410.34,70.09,18.78,29.16,5.52,18.38,20.76,60.72,-19.98,-9.31
C009,Titan Heavy Industries,Growing,2024-Q3,23,254.82,124.53,61.37,51.4,446.69,74.14,27.01,32.74,5.52,18.38,17.48,61.04,-16.7,-7.99
C009,Titan Heavy Industries,Growing,2024-Q4,24,263.83,129.99,64.42,51.77,480.84,73.18,27.32,35.0,5.52,18.38,18.56,59.17,-17.61,-7.4
C010,Aura Consumer Goods,Growing,2019-Q1,1,104.46,47.6,21.77,25.91,54.25,27.52,7.48,9.78,9.88,23.04,6.65,27.7,-6.58,-5.33
C010,Aura Consumer Goods,Growing,2019-Q2,2,118.04,52.79,25.06,29.74,77.2,27.52,10.46,10.54,9.88,23.04,6.38,33.41,-6.07,-4.39
C010,Aura Consumer Goods,Growing,2019-Q3,3,115.84,52.9,24.2,28.64,98.07,29.11,9.49,14.45,9.88,23.04,5.14,30.93,-4.21,-5.84
C010,Aura Consumer Goods,Growing,2019-Q4,4,111.82,50.15,23.3,28.37,122.73,32.14,10.0,12.55,9.88,23.04,5.21,34.12,-4.8,-4.68
C010,Aura Consumer Goods,Growing,2020-Q1,5,118.41,54.3,24.88,29.01,144.05,30.88,9.83,14.25,9.88,23.04,9.6,34.73,-9.6,-3.81
C010,Aura Consumer Goods,Growing,2020-Q2,6,125.76,55.73,25.95,32.66,165.33,25.9,11.72,13.86,9.88,23.04,7.44,33.46,-6.76,-5.42
C010,Aura Consumer Goods,Growing,2020-Q3,7,123.77,56.41,25.34,31.1,187.59,25.75,10.46,15.47,9.88,23.04,9.15,35.16,-8.61,-4.29
C010,Aura Consumer Goods,Growing,2020-Q4,8,118.65,52.49,24.85,30.57,212.06,34.57,11.09,14.03,9.88,23.04,5.46,34.9,-4.11,-6.32
C010,Aura Consumer Goods,Growing,2021-Q1,9,128.14,56.69,26.61,33.22,235.05,29.41,11.26,13.48,9.88,23.04,5.91,33.68,-5.08,-5.61
C010,Aura Consumer Goods,Growing,2021-Q2,10,143.0,65.12,29.97,35.52,263.8,40.69,14.28,14.52,9.88,23.04,7.69,40.16,-7.23,-4.17
C010,Aura Consumer Goods,Growing,2021-Q3,11,147.22,67.29,31.11,36.21,291.91,42.94,12.99,14.26,9.88,23.04,8.62,40.43,-7.72,-4.61
C010,Aura Consumer Goods,Growing,2021-Q4,12,144.19,65.56,29.89,36.15,318.64,31.25,12.66,12.73,9.88,23.04,8.26,42.08,-8.03,-7.32
C010,Aura Consumer Goods,Growing,2022-Q1,13,167.02,74.89,34.2,43.04,352.52,40.25,13.56,18.55,9.88,23.04,9.73,47.78,-9.4,-4.5
C010,Aura Consumer Goods,Growing,2022-Q2,14,193.22,87.03,40.56,48.82,380.6,41.36,17.28,15.9,9.88,23.04,17.04,53.72,-16.47,-9.17
C010,Aura Consumer Goods,Growing,2022-Q3,15,190.82,84.93,39.0,49.76,421.93,52.59,16.63,17.74,9.88,23.04,8.74,56.84,-7.31,-8.21
C010,Aura Consumer Goods,Growing,2022-Q4,16,186.26,85.35,38.96,46.05,457.37,52.65,21.2,17.83,9.88,23.04,11.08,53.49,-10.5,-7.55
C010,Aura Consumer Goods,Growing,2023-Q1,17,200.86,90.83,41.92,50.68,492.18,55.48,21.2,20.35,9.88,23.04,10.64,54.52,-10.35,-9.37
C010,Aura Consumer Goods,Growing,2023-Q2,18,224.36,100.6,46.31,57.68,537.88,66.56,20.7,21.6,9.88,23.04,10.54,63.72,-9.87,-8.15
C010,Aura Consumer Goods,Growing,2023-Q3,19,206.07,94.82,43.59,50.34,571.75,54.06,19.62,22.95,9.88,23.04,12.31,53.78,-12.26,-7.65
C010,Aura Consumer Goods,Growing,2023-Q4,20,201.63,91.14,41.55,51.3,605.07,59.76,21.96,22.99,9.88,23.04,16.84,56.49,-16.64,-6.53
C010,Aura Consumer Goods,Growing,2024-Q1,21,226.85,101.45,47.97,57.67,649.82,66.79,16.73,22.95,9.88,23.04,14.56,66.31,-13.26,-8.3
C010,Aura Consumer Goods,Growing,2024-Q2,22,249.89,112.2,51.62,64.15,696.79,55.06,25.38,24.53,9.88,23.04,16.15,70.41,-15.28,-8.16
C010,Aura Consumer Goods,Growing,2024-Q3,23,247.03,112.93,52.01,61.16,734.29,63.57,27.74,22.59,9.88,23.04,20.43,65.06,-19.77,-7.79
C010,Aura Consumer Goods,Growing,2024-Q4,24,245.69,112.61,50.29,61.69,772.25,70.84,21.94,26.02,9.88,23.04,21.21,68.48,-21.18,-9.35
C011,Sterling Retail,Stable,2019-Q1,1,126.73,73.46,32.23,15.17,54.79,37.99,15.99,19.31,13.59,36.09,5.16,17.81,-4.05,-0.94
C011,Sterling Retail,Stable,2019-Q2,2,133.71,76.85,34.19,16.39,62.69,36.82,17.44,18.89,13.59,36.09,11.0,22.09,-10.08,-4.1
C011,Sterling Retail,Stable,2019-Q3,3,125.03,70.91,32.31,15.75,72.81,25.83,13.11,13.55,13.59,36.09,10.93,21.47,-10.82,-0.54
C011,Sterling Retail,Stable,2019-Q4,4,119.31,67.98,30.7,14.86,85.02,24.78,13.6,17.64,13.59,36.09,5.07,19.79,-4.96,-2.62
C011,Sterling Retail,Stable,2020-Q1,5,125.13,70.61,32.86,15.64,94.1,36.65,13.45,19.11,13.59,36.09,7.99,18.51,-7.65,-1.78
C011,Sterling Retail,Stable,2020-Q2,6,131.71,76.41,34.31,15.13,105.85,31.05,16.41,14.69,13.59,36.09,8.58,21.58,-7.91,-1.93
C011,Sterling Retail,Stable,2020-Q3,7,123.8,70.99,31.78,15.16,116.01,33.6,16.49,18.49,13.59,36.09,8.17,19.29,-7.96,-1.17
C011,Sterling Retail,Stable,2020-Q4,8,118.88,67.05,30.83,15.13,119.17,27.15,10.96,16.29,13.59,36.09,9.2,16.16,-8.73,-4.27
C011,Sterling Retail,Stable,2021-Q1,9,126.09,71.14,32.98,15.87,124.26,26.01,16.64,12.83,13.59,36.09,9.71,18.31,-9.24,-3.97
C011,Sterling Retail,Stable,2021-Q2,10,135.84,76.89,34.91,17.41,138.1,38.61,13.94,19.91,13.59,36.09,8.38,23.95,-7.01,-3.1
C011,Sterling Retail,Stable,2021-Q3,11,129.92,73.63,33.88,16.2,150.18,35.13,11.08,14.48,13.59,36.09,9.53,21.55,-8.08,-1.39
C011,Sterling Retail,Stable,2021-Q4,12,131.32,76.1,34.34,15.05,164.76,30.18,12.22,19.65,13.59,36.09,5.57,20.03,-5.03,-0.43
C011,Sterling Retail,Stable,2022-Q1,13,130.05,73.9,33.34,16.49,179.1,30.8,13.82,13.69,13.59,36.09,7.91,22.1,-6.68,-1.07
C011,Sterling Retail,Stable,2022-Q2,14,140.1,78.84,36.57,17.91,188.91,34.64,18.76,15.89,13.59,36.09,9.86,23.37,-9.42,-4.14
C011,Sterling Retail,Stable,2022-Q3,15,139.32,78.72,36.35,17.57,201.76,33.37,17.42,15.74,13.59,36.09,7.57,24.28,-7.02,-4.4
C011,Sterling Retail,Stable,2022-Q4,16,136.22,76.34,35.36,17.78,211.18,30.89,17.83,13.85,13.59,36.09,7.75,21.3,-7.72,-4.17
C011,Sterling Retail,Stable,2023-Q1,17,146.26,82.94,37.99,18.39,224.76,37.96,12.52,18.78,13.59,36.09,9.65,25.73,-8.63,-3.51
C011,Sterling Retail,Stable,2023-Q2,18,145.22,83.57,38.08,17.06,229.23,36.61,20.69,16.09,13.59,36.09,11.4,18.73,-10.19,-4.08
C011,Sterling Retail,Stable,2023-Q3,19,143.2,81.58,36.92,17.92,236.43,33.96,12.25,17.13,13.59,36.09,12.7,23.23,-11.43,-4.59
C011,Sterling Retail,Stable,2023-Q4,20,133.74,77.35,35.09,15.37,246.06,37.19,15.14,17.0,13.59,36.09,5.79,18.4,-5.45,-3.32
C011,Sterling Retail,Stable,2024-Q1,21,151.67,86.25,38.65,19.47,259.75,44.86,21.07,22.3,13.59,36.09,10.2,27.06,-8.75,-4.62
C011,Sterling Retail,Stable,2024-Q2,22,162.8,92.18,41.77,21.03,274.57,35.75,15.12,22.33,13.59,36.09,11.22,27.73,-11.0,-1.91
C011,Sterling Retail,Stable,2024-Q3,23,150.03,86.0,38.55,18.5,281.38,35.19,20.79,17.98,13.59,36.09,12.68,22.95,-11.62,-4.53
C011,Sterling Retail,Stable,2024-Q4,24,149.94,84.15,38.13,20.14,296.21,39.45,16.39,16.28,13.59,36.09,9.97,27.46,-9.61,-3.02
C012,Frontier Aerospace,Stable,2019-Q1,1,122.91,63.66,38.19,15.24,55.65,36.64,14.6,16.89,15.47,28.66,10.82,18.27,-10.52,-0.48
C012,Frontier Aerospace,Stable,2019-Q2,2,130.04,69.95,40.19,14.37,63.85,38.77,14.48,14.41,15.47,28.66,9.06,18.81,-8.95,-1.67
C012,Frontier Aerospace,Stable,2019-Q3,3,125.0,66.61,37.79,14.89,73.23,30.96,14.78,13.64,15.47,28.66,9.17,20.27,-8.92,-1.97
C012,Frontier Aerospace,Stable,2019-Q4,4,118.29,63.07,36.25,13.67,85.51,23.8,9.52,13.6,15.47,28.66,6.08,20.58,-5.13,-3.16
C012,Frontier Aerospace,Stable,2020-Q1,5,129.94,69.17,39.18,15.64,98.54,31.56,10.58,15.78,15.47,28.66,5.97,21.32,-5.53,-2.75
C012,Frontier Aerospace,Stable,2020-Q2,6,136.72,73.33,42.73,14.94,108.28,27.96,16.58,15.92,15.47,28.66,10.62,19.43,-9.25,-0.44
C012,Frontier Aerospace,Stable,2020-Q3,7,122.55,65.39,37.19,14.43,117.16,31.42,12.15,16.06,15.47,28.66,6.08,17.33,-4.7,-3.76
C012,Frontier Aerospace,Stable,2020-Q4,8,119.39,62.99,36.18,14.61,131.41,24.34,9.68,12.44,15.47,28.66,6.46,21.15,-5.04,-1.86
C012,Frontier Aerospace,Stable,2021-Q1,9,135.32,71.42,41.9,15.94,142.96,30.89,13.24,19.24,15.47,28.66,11.45,23.65,-10.82,-1.27
C012,Frontier Aerospace,Stable,2021-Q2,10,137.59,72.5,42.16,16.63,148.36,30.33,15.16,14.4,15.47,28.66,11.39,20.68,-11.07,-4.21
C012,Frontier Aerospace,Stable,2021-Q3,11,120.46,64.33,37.41,13.48,160.97,28.09,14.11,16.54,15.47,28.66,5.73,18.9,-4.42,-1.87
C012,Frontier Aerospace,Stable,2021-Q4,12,114.6,59.92,35.02,14.19,166.27,23.35,9.75,15.37,15.47,28.66,6.97,15.39,-6.19,-3.91
C012,Frontier Aerospace,Stable,2022-Q1,13,118.69,61.93,35.65,15.28,176.32,32.39,15.28,12.54,15.47,28.66,9.15,20.53,-7.88,-2.6
C012,Frontier Aerospace,Stable,2022-Q2,14,122.48,64.1,37.28,15.28,185.74,33.23,14.85,12.7,15.47,28.66,10.42,18.98,-9.21,-0.35
C012,Frontier Aerospace,Stable,2022-Q3,15,114.19,60.45,35.22,13.33,192.96,23.73,12.36,15.17,15.47,28.66,9.02,15.56,-8.15,-0.19
C012,Frontier Aerospace,Stable,2022-Q4,16,112.58,58.29,34.18,14.52,206.69,29.29,10.47,14.66,15.47,28.66,5.08,20.18,-4.31,-2.14
C012,Frontier Aerospace,Stable,2023-Q1,17,122.68,65.56,37.9,13.86,215.2,33.3,12.86,17.84,15.47,28.66,9.38,19.58,-8.09,-2.98
C012,Frontier Aerospace,Stable,2023-Q2,18,130.12,69.48,39.4,15.38,226.71,30.52,12.75,19.31,15.47,28.66,9.77,22.25,-8.68,-2.06
C012,Frontier Aerospace,Stable,2023-Q3,19,123.49,64.83,37.34,15.44,232.18,34.41,14.49,14.16,15.47,28.66,10.12,17.07,-10.1,-1.5
C012,Frontier Aerospace,Stable,2023-Q4,20,119.12,64.02,36.42,13.46,237.84,26.62,14.11,16.75,15.47,28.66,10.52,18.11,-10.45,-2.0
C012,Frontier Aerospace,Stable,2024-Q1,21,130.16,67.78,40.37,15.96,251.84,33.23,12.85,13.09,15.47,28.66,6.23,22.99,-5.77,-3.23
C012,Frontier Aerospace,Stable,2024-Q2,22,140.56,75.24,43.38,15.9,258.92,39.31,13.17,18.25,15.47,28.66,11.48,21.54,-10.12,-4.34
C012,Frontier Aerospace,Stable,2024-Q3,23,131.95,69.74,40.1,16.03,265.13,30.44,12.92,16.89,15.47,28.66,10.11,19.85,-9.51,-4.13
C012,Frontier Aerospace,Stable,2024-Q4,24,125.33,66.86,38.08,14.74,274.19,30.49,14.61,14.26,15.47,28.66,7.36,16.65,-5.94,-1.64
C013,Omni Financial,Stable,2019-Q1,1,126.91,67.25,34.83,18.17,71.63,31.97,11.29,18.63,11.01,25.56,7.64,20.03,-6.53,-1.91
C013,Omni Financial,Stable,2019-Q2,2,129.74,67.24,36.01,19.41,86.48,31.11,11.86,13.48,11.01,25.56,6.93,23.63,-6.5,-2.28
C013,Omni Financial,Stable,2019-Q3,3,124.49,63.63,34.18,19.56,98.98,36.74,11.44,12.04,11.01,25.56,8.86,24.26,-7.89,-3.86
C013,Omni Financial,Stable,2019-Q4,4,120.11,61.23,34.17,18.08,113.22,27.03,13.32,15.35,11.01,25.56,6.68,22.84,-6.28,-2.32
C013,Omni Financial,Stable,2020-Q1,5,128.8,67.2,36.26,18.55,129.56,34.52,12.82,12.2,11.01,25.56,6.78,23.4,-6.11,-0.95
C013,Omni Financial,Stable,2020-Q2,6,139.64,72.31,39.53,20.4,142.63,30.56,15.71,20.08,11.01,25.56,5.64,22.76,-4.99,-4.69
C013,Omni Financial,Stable,2020-Q3,7,134.89,69.95,37.31,20.28,155.28,32.84,15.55,12.65,11.01,25.56,9.53,25.29,-8.58,-4.07
C013,Omni Financial,Stable,2020-Q4,8,129.36,67.83,35.54,19.04,165.43,28.45,16.13,17.22,11.01,25.56,6.78,20.39,-6.46,-3.77
C013,Omni Financial,Stable,2021-Q1,9,146.65,76.57,41.24,21.18,179.89,30.52,18.77,20.2,11.01,25.56,11.9,27.96,-10.5,-3.0
C013,Omni Financial,Stable,2021-Q2,10,156.3,80.28,43.85,23.67,195.24,42.87,17.97,18.64,11.01,25.56,9.15,26.34,-7.77,-3.21
C013,Omni Financial,Stable,2021-Q3,11,141.99,73.43,40.28,20.75,211.82,37.86,16.8,16.55,11.01,25.56,7.44,26.37,-6.38,-3.4
C013,Omni Financial,Stable,2021-Q4,12,136.54,70.82,38.36,20.06,222.98,40.09,11.08,18.59,11.01,25.56,8.49,23.42,-8.46,-3.81
C013,Omni Financial,Stable,2022-Q1,13,144.35,75.02,41.0,20.79,237.73,30.39,16.99,16.58,11.01,25.56,7.65,26.64,-7.41,-4.48
C013,Omni Financial,Stable,2022-Q2,14,155.25,79.33,42.81,24.38,257.31,41.36,18.89,20.74,11.01,25.56,7.07,30.63,-6.63,-4.42
C013,Omni Financial,Stable,2022-Q3,15,149.02,77.58,41.38,22.09,267.86,35.08,18.07,20.09,11.01,25.56,12.77,25.9,-11.34,-4.01
C013,Omni Financial,Stable,2022-Q4,16,135.13,69.85,37.75,20.2,279.31,39.74,16.6,13.29,11.01,25.56,9.14,24.09,-8.39,-4.25
C013,Omni Financial,Stable,2023-Q1,17,147.64,77.8,41.83,20.56,289.93,40.58,15.09,18.75,11.01,25.56,10.88,23.54,-10.61,-2.31
C013,Omni Financial,Stable,2023-Q2,18,162.74,83.69,44.76,25.27,306.05,35.24,12.57,21.08,11.01,25.56,10.7,32.03,-10.46,-5.46
C013,Omni Financial,Stable,2023-Q3,19,154.46,79.84,42.46,23.67,322.64,34.33,16.12,19.22,11.01,25.56,6.62,27.24,-6.04,-4.61
C013,Omni Financial,Stable,2023-Q4,20,149.15,76.67,42.42,22.09,337.93,39.02,15.77,16.99,11.01,25.56,10.0,26.75,-8.95,-2.5
C013,Omni Financial,Stable,2024-Q1,21,160.97,83.39,45.62,23.51,355.72,42.36,16.95,15.97,11.01,25.56,7.38,29.62,-6.88,-4.96
C013,Omni Financial,Stable,2024-Q2,22,166.46,87.21,45.94,24.53,373.18,39.81,20.89,17.48,11.01,25.56,10.15,30.09,-10.12,-2.51
C013,Omni Financial,Stable,2024-Q3,23,159.09,82.91,44.66,23.19,391.5,42.77,14.54,15.01,11.01,25.56,10.62,29.89,-9.37,-2.19
C013,Omni Financial,Stable,2024-Q4,24,148.28,78.15,41.39,21.1,401.43,34.6,17.91,17.59,11.01,25.56,12.27,24.17,-10.95,-3.3
C014,Atlas Infrastructure,Stable,2019-Q1,1,88.39,52.26,27.2,6.12,44.71,23.41,8.23,11.37,10.67,37.55,5.45,11.21,-3.96,-0.68
C014,Atlas Infrastructure,Stable,2019-Q2,2,88.39,50.93,27.37,6.99,49.27,20.78,9.54,9.52,10.67,37.55,5.59,9.49,-4.5,-0.42
C014,Atlas Infrastructure,Stable,2019-Q3,3,85.92,49.83,26.37,6.71,50.81,24.1,11.33,11.7,10.67,37.55,6.73,7.27,-5.85,0.12
C014,Atlas Infrastructure,Stable,2019-Q4,4,78.88,46.24,25.0,5.15,51.86,19.86,7.59,11.43,10.67,37.55,6.08,8.87,-5.83,-1.99
C014,Atlas Infrastructure,Stable,2020-Q1,5,85.57,50.47,27.07,5.44,54.2,22.22,10.87,13.57,10.67,37.55,6.13,9.16,-5.89,-0.92
C014,Atlas Infrastructure,Stable,2020-Q2,6,92.95,54.41,28.84,6.69,57.34,20.47,9.87,11.11,10.67,37.55,5.69,8.44,-4.33,-0.98
C014,Atlas Infrastructure,Stable,2020-Q3,7,86.25,50.7,27.18,5.7,56.78,24.12,8.98,12.64,10.67,37.55,7.5,7.54,-6.55,-1.56
C014,Atlas Infrastructure,Stable,2020-Q4,8,85.65,49.25,26.49,6.85,60.45,23.08,8.46,11.8,10.67,37.55,6.26,8.62,-5.04,0.08
C014,Atlas Infrastructure,Stable,2021-Q1,9,90.19,51.48,28.47,7.1,64.99,21.36,9.95,9.43,10.67,37.55,3.76,9.07,-2.44,-2.09
C014,Atlas Infrastructure,Stable,2021-Q2,10,98.31,57.19,30.22,7.6,75.21,26.22,10.43,15.43,10.67,37.55,5.53,13.55,-4.18,0.84
C014,Atlas Infrastructure,Stable,2021-Q3,11,94.68,54.4,29.74,7.33,79.28,19.57,8.68,15.23,10.67,37.55,7.33,9.86,-6.12,0.33
C014,Atlas Infrastructure,Stable,2021-Q4,12,90.81,53.75,28.14,6.11,81.15,18.53,10.27,10.37,10.67,37.55,5.27,6.62,-4.09,-0.65
C014,Atlas Infrastructure,Stable,2022-Q1,13,100.78,57.86,30.94,8.4,82.17,27.86,12.29,14.83,10.67,37.55,8.25,9.35,-7.32,-1.01
C014,Atlas Infrastructure,Stable,2022-Q2,14,103.78,60.53,32.97,7.13,87.9,26.85,12.6,16.89,10.67,37.55,6.45,12.62,-5.39,-1.51
C014,Atlas Infrastructure,Stable,2022-Q3,15,100.43,59.28,31.99,6.29,93.3,23.52,12.02,11.93,10.67,37.55,8.94,13.1,-7.97,0.27
C014,Atlas Infrastructure,Stable,2022-Q4,16,91.46,53.54,28.75,6.3,97.89,18.78,10.47,13.25,10.67,37.55,5.36,10.82,-3.95,-2.28
C014,Atlas Infrastructure,Stable,2023-Q1,17,104.08,60.88,32.79,7.23,104.35,23.68,10.08,14.83,10.67,37.55,5.1,11.76,-4.04,-1.26
C014,Atlas Infrastructure,Stable,2023-Q2,18,111.54,65.16,35.4,7.65,109.86,24.2,9.9,16.81,10.67,37.55,8.36,12.55,-7.11,0.06
C014,Atlas Infrastructure,Stable,2023-Q3,19,106.5,61.78,33.22,8.05,116.16,22.94,12.8,12.83,10.67,37.55,7.37,14.56,-6.48,-1.79
C014,Atlas Infrastructure,Stable,2023-Q4,20,102.87,58.63,31.61,8.89,120.97,24.93,9.29,14.11,10.67,37.55,8.66,14.97,-7.67,-2.49
C014,Atlas Infrastructure,Stable,2024-Q1,21,112.68,64.84,35.71,8.52,125.33,33.77,9.92,17.49,10.67,37.55,9.99,13.54,-9.29,0.11
C014,Atlas Infrastructure,Stable,2024-Q2,22,117.85,67.2,36.66,9.91,129.7,24.36,16.63,17.59,10.67,37.55,10.24,16.43,-10.11,-1.94
C014,Atlas Infrastructure,Stable,2024-Q3,23,111.8,64.28,34.45,9.22,133.11,24.23,10.59,17.83,10.67,37.55,9.88,14.91,-9.22,-2.27
C014,Atlas Infrastructure,Stable,2024-Q4,24,101.34,59.52,31.51,7.15,134.92,23.3,10.31,11.48,10.67,37.55,5.85,9.47,-4.84,-2.82
C015,Velox Medical Devices,Stable,2019-Q1,1,90.91,46.91,25.21,13.68,70.99,19.43,9.76,10.81,11.55,21.65,6.47,14.56,-6.06,-2.1
C015,Velox Medical Devices,Stable,2019-Q2,2,97.58,49.38,26.69,15.71,82.3,22.51,11.47,9.17,11.55,21.65,6.14,18.43,-5.05,-2.06
C015,Velox Medical Devices,Stable,2019-Q3,3,96.75,50.52,26.31,14.52,94.73,24.56,11.82,14.09,11.55,21.65,5.67,20.02,-5.37,-2.22
C015,Velox Medical Devices,Stable,2019-Q4,4,94.37,49.04,25.85,14.19,106.66,23.43,11.47,10.6,11.55,21.65,5.69,19.45,-5.2,-2.31
C015,Velox Medical Devices,Stable,2020-Q1,5,100.63,51.16,28.07,15.63,116.54,21.89,10.58,12.17,11.55,21.65,7.27,18.94,-6.92,-2.13
C015,Velox Medical Devices,Stable,2020-Q2,6,109.6,56.12,30.22,17.02,129.31,23.47,11.62,11.14,11.55,21.65,5.58,19.32,-5.31,-1.25
C015,Velox Medical Devices,Stable,2020-Q3,7,106.35,55.76,29.22,15.6,142.78,22.79,10.45,14.49,11.55,21.65,4.72,18.31,-3.88,-0.96
C015,Velox Medical Devices,Stable,2020-Q4,8,101.11,52.65,27.34,15.42,154.5,27.02,9.06,10.63,11.55,21.65,5.31,20.94,-4.91,-4.31
C015,Velox Medical Devices,Stable,2021-Q1,9,110.36,57.09,30.54,16.63,162.31,23.75,11.18,12.28,11.55,21.65,7.1,17.86,-5.72,-4.33
C015,Velox Medical Devices,Stable,2021-Q2,10,120.3,61.4,32.58,19.33,173.24,26.93,14.79,13.93,11.55,21.65,9.39,23.03,-9.16,-2.95
C015,Velox Medical Devices,Stable,2021-Q3,11,122.04,64.07,33.8,17.71,183.95,29.26,14.91,12.63,11.55,21.65,6.13,18.95,-5.62,-2.61
C015,Velox Medical Devices,Stable,2021-Q4,12,111.86,57.84,31.15,16.74,193.58,28.08,11.58,10.7,11.55,21.65,7.56,17.68,-6.9,-1.15
C015,Velox Medical Devices,Stable,2022-Q1,13,115.49,58.37,31.93,18.48,205.12,24.39,12.31,12.15,11.55,21.65,6.81,20.35,-5.61,-3.2
C015,Velox Medical Devices,Stable,2022-Q2,14,123.42,64.16,33.31,19.05,213.88,34.22,11.14,15.89,11.55,21.65,10.67,23.44,-10.09,-4.59
C015,Velox Medical Devices,Stable,2022-Q3,15,123.78,63.03,33.7,19.87,232.44,25.13,15.52,15.56,11.55,21.65,6.59,26.51,-5.68,-2.27
C015,Velox Medical Devices,Stable,2022-Q4,16,118.83,60.71,33.01,18.41,243.78,35.02,14.48,15.42,11.55,21.65,6.43,21.04,-4.98,-4.72
C015,Velox Medical Devices,Stable,2023-Q1,17,132.34,68.45,36.97,19.77,259.51,30.6,12.59,12.86,11.55,21.65,7.02,23.87,-6.51,-1.63
C015,Velox Medical Devices,Stable,2023-Q2,18,147.05,77.01,39.78,22.28,273.2,34.89,18.7,14.34,11.55,21.65,7.08,24.61,-6.19,-4.74
C015,Velox Medical Devices,Stable,2023-Q3,19,140.88,72.51,38.21,22.2,291.1,34.81,15.68,18.5,11.55,21.65,9.71,28.31,-8.35,-2.06
C015,Velox Medical Devices,Stable,2023-Q4,20,136.62,71.04,36.77,21.19,307.68,27.42,12.17,17.5,11.55,21.65,8.21,25.07,-6.89,-1.6
C015,Velox Medical Devices,Stable,2024-Q1,21,146.65,76.06,39.81,22.67,320.47,32.13,12.81,16.29,11.55,21.65,11.96,27.03,-11.78,-2.46
C015,Velox Medical Devices,Stable,2024-Q2,22,160.89,82.91,43.71,25.28,339.41,40.11,14.92,19.87,11.55,21.65,7.76,30.13,-7.58,-3.61
C015,Velox Medical Devices,Stable,2024-Q3,23,153.12,79.54,42.22,23.1,351.96,44.89,18.46,18.82,11.55,21.65,13.0,29.11,-12.4,-4.16
C015,Velox Medical Devices,Stable,2024-Q4,24,149.49,75.43,41.49,24.0,370.59,41.87,12.1,17.93,11.55,21.65,6.87,28.77,-5.4,-4.74
C016,Echo Communications,Stable,2019-Q1,1,86.54,49.26,22.21,10.82,64.43,24.39,12.23,10.15,15.32,22.07,5.33,16.31,-4.81,-3.42
C016,Echo Communications,Stable,2019-Q2,2,89.59,50.5,22.78,11.76,71.34,22.02,8.72,12.19,15.32,22.07,6.17,13.01,-5.63,-0.47
C016,Echo Communications,Stable,2019-Q3,3,85.46,48.75,21.44,10.97,77.42,23.98,8.91,9.79,15.32,22.07,5.41,11.05,-4.69,-0.28
C016,Echo Communications,Stable,2019-Q4,4,84.65,48.04,21.25,11.04,84.31,23.77,11.16,10.49,15.32,22.07,4.67,13.35,-3.27,-3.18
C016,Echo Communications,Stable,2020-Q1,5,91.82,52.76,22.73,11.77,91.55,22.73,10.07,10.35,15.32,22.07,8.13,15.43,-7.29,-0.91
C016,Echo Communications,Stable,2020-Q2,6,99.99,56.39,25.14,13.36,103.25,21.16,11.92,15.44,15.32,22.07,4.38,17.35,-3.85,-1.8
C016,Echo Communications,Stable,2020-Q3,7,98.93,57.49,25.07,11.8,111.06,23.48,10.09,10.96,15.32,22.07,6.0,13.94,-4.99,-1.14
C016,Echo Communications,Stable,2020-Q4,8,93.35,52.65,23.45,12.46,117.8,20.37,8.72,13.83,15.32,22.07,5.69,12.52,-5.44,-0.35
C016,Echo Communications,Stable,2021-Q1,9,96.18,55.2,24.49,11.89,126.67,28.45,9.5,14.83,15.32,22.07,8.25,17.43,-7.3,-1.26
C016,Echo Communications,Stable,2021-Q2,10,104.35,59.65,26.59,13.1,135.46,26.41,12.99,13.29,15.32,22.07,8.48,17.68,-8.26,-0.63
C016,Echo Communications,Stable,2021-Q3,11,103.36,59.15,25.95,13.22,143.67,30.13,10.36,15.64,15.32,22.07,6.79,16.23,-6.33,-1.69
C016,Echo Communications,Stable,2021-Q4,12,98.92,56.37,24.49,13.06,155.07,22.47,8.49,15.66,15.32,22.07,5.91,18.8,-4.82,-2.58
C016,Echo Communications,Stable,2022-Q1,13,109.99,64.25,27.64,13.1,160.7,30.61,11.35,17.93,15.32,22.07,7.72,13.57,-6.73,-1.21
C016,Echo Communications,Stable,2022-Q2,14,120.25,67.96,30.87,15.59,167.67,26.23,14.43,13.75,15.32,22.07,8.1,18.13,-7.47,-3.7
C016,Echo Communications,Stable,2022-Q3,15,114.0,66.1,29.22,13.54,171.01,23.76,12.51,12.56,15.32,22.07,8.33,14.14,-7.43,-3.38
C016,Echo Communications,Stable,2022-Q4,16,104.77,59.48,25.93,14.04,176.77,29.7,14.72,11.51,15.32,22.07,8.74,15.54,-7.35,-2.43
C016,Echo Communications,Stable,2023-Q1,17,106.62,60.03,26.99,14.22,184.43,21.44,13.73,12.65,15.32,22.07,7.4,14.7,-6.8,-0.24
C016,Echo Communications,Stable,2023-Q2,18,119.06,68.45,29.77,15.16,191.88,32.26,12.13,18.51,15.32,22.07,8.04,17.98,-7.96,-2.57
C016,Echo Communications,Stable,2023-Q3,19,115.34,65.46,28.78,15.35,201.15,32.5,15.91,12.41,15.32,22.07,6.56,18.5,-5.25,-3.97
C016,Echo Communications,Stable,2023-Q4,20,111.46,63.23,28.4,14.4,208.59,22.86,12.6,14.18,15.32,22.07,6.66,16.81,-5.86,-3.51
C016,Echo Communications,Stable,2024-Q1,21,124.95,72.45,31.09,15.58,213.99,26.86,12.81,15.66,15.32,22.07,9.24,18.76,-9.16,-4.2
C016,Echo Communications,Stable,2024-Q2,22,135.54,77.45,34.46,17.24,222.98,29.73,16.59,15.95,15.32,22.07,11.49,23.7,-11.05,-3.67
C016,Echo Communications,Stable,2024-Q3,23,124.02,71.66,31.69,15.02,229.17,33.15,16.66,15.74,15.32,22.07,9.54,16.76,-9.0,-1.57
C016,Echo Communications,Stable,2024-Q4,24,116.45,66.21,28.88,15.53,240.72,34.85,10.97,18.46,15.32,22.07,9.28,21.86,-8.29,-2.02
C017,Crestline Automotive,Stable,2019-Q1,1,146.77,79.29,43.8,17.24,61.44,39.47,18.42,18.68,14.27,26.61,5.99,24.18,-4.76,-4.43
C017,Crestline Automotive,Stable,2019-Q2,2,158.01,87.74,47.26,16.74,65.35,36.25,15.01,22.51,14.27,26.61,13.16,20.93,-13.0,-4.01
C017,Crestline Automotive,Stable,2019-Q3,3,148.43,81.73,43.71,16.73,76.47,38.64,17.84,19.41,14.27,26.61,7.98,21.55,-6.83,-3.6
C017,Crestline Automotive,Stable,2019-Q4,4,144.57,79.66,41.96,16.7,88.64,37.96,17.9,16.08,14.27,26.61,6.73,19.1,-5.82,-1.11
C017,Crestline Automotive,Stable,2020-Q1,5,153.92,85.6,44.85,17.09,101.38,37.95,12.96,16.11,14.27,26.61,6.37,21.02,-5.42,-2.86
C017,Crestline Automotive,Stable,2020-Q2,6,154.33,84.54,44.68,18.31,107.68,35.43,18.29,23.38,14.27,26.61,13.04,20.98,-12.18,-2.49
C017,Crestline Automotive,Stable,2020-Q3,7,143.57,77.21,42.29,17.54,115.19,33.61,18.66,17.04,14.27,26.61,10.87,20.47,-10.43,-2.53
C017,Crestline Automotive,Stable,2020-Q4,8,136.22,75.07,40.6,14.9,127.03,38.04,16.34,18.61,14.27,26.61,7.46,22.45,-7.46,-3.15
C017,Crestline Automotive,Stable,2021-Q1,9,149.11,81.96,43.91,16.92,136.61,30.06,18.27,17.41,14.27,26.61,10.11,23.17,-9.6,-4.0
C017,Crestline Automotive,Stable,2021-Q2,10,154.14,82.91,45.82,18.54,145.14,44.98,17.82,15.78,14.27,26.61,11.78,23.45,-10.61,-4.31
C017,Crestline Automotive,Stable,2021-Q3,11,141.11,75.65,41.46,17.48,159.16,40.23,18.59,17.9,14.27,26.61,6.24,22.55,-5.42,-3.1
C017,Crestline Automotive,Stable,2021-Q4,12,130.87,71.86,38.22,15.08,169.01,29.32,11.46,15.2,14.27,26.61,6.39,17.24,-4.91,-2.49
C017,Crestline Automotive,Stable,2022-Q1,13,144.98,80.84,42.67,15.59,176.4,40.78,14.77,17.02,14.27,26.61,10.67,20.12,-9.65,-3.08
C017,Crestline Automotive,Stable,2022-Q2,14,155.54,83.8,45.87,18.89,188.4,33.1,17.42,20.89,14.27,26.61,12.08,25.6,-10.77,-2.83
C017,Crestline Automotive,Stable,2022-Q3,15,151.39,81.74,43.57,19.05,206.42,34.58,15.88,19.76,14.27,26.61,7.54,26.38,-7.35,-1.0
C017,Crestline Automotive,Stable,2022-Q4,16,149.78,80.61,43.9,18.44,218.97,38.73,16.46,15.2,14.27,26.61,6.78,21.05,-5.9,-2.59
C017,Crestline Automotive,Stable,2023-Q1,17,163.97,90.8,47.22,18.95,230.59,40.96,19.88,18.64,14.27,26.61,11.59,23.46,-10.24,-1.6
C017,Crestline Automotive,Stable,2023-Q2,18,168.81,92.6,49.98,19.16,238.6,39.92,19.83,20.99,14.27,26.61,12.68,23.29,-11.84,-3.44
C017,Crestline Automotive,Stable,2023-Q3,19,158.95,87.84,47.01,17.57,253.1,37.06,19.11,19.29,14.27,26.61,9.97,24.75,-9.35,-0.9
C017,Crestline Automotive,Stable,2023-Q4,20,150.11,81.26,43.37,18.6,262.35,38.8,20.07,17.7,14.27,26.61,8.55,21.18,-7.79,-4.14
C017,Crestline Automotive,Stable,2024-Q1,21,151.29,82.39,43.7,18.39,274.0,43.62,15.78,18.02,14.27,26.61,9.4,24.59,-8.42,-4.51
C017,Crestline Automotive,Stable,2024-Q2,22,158.57,87.79,47.34,17.07,283.42,42.0,21.55,17.13,14.27,26.61,11.11,22.61,-10.24,-2.95
C017,Crestline Automotive,Stable,2024-Q3,23,147.25,80.16,42.61,17.84,295.35,40.26,13.7,14.9,14.27,26.61,10.27,23.27,-8.96,-2.37
C017,Crestline Automotive,Stable,2024-Q4,24,138.21,75.1,41.04,16.04,307.11,35.11,11.86,17.77,14.27,26.61,8.27,23.41,-7.82,-3.83
C018,Zenith Software,Stable,2019-Q1,1,97.82,55.45,25.29,12.18,75.72,22.27,13.54,10.67,17.55,31.73,8.66,17.47,-8.4,-0.94
C018,Zenith Software,Stable,2019-Q2,2,103.62,56.92,26.39,14.62,88.72,26.07,11.84,15.57,17.55,31.73,6.64,18.82,-5.42,-0.39
C018,Zenith Software,Stable,2019-Q3,3,96.9,54.09,24.91,12.8,99.37,23.07,8.41,12.98,17.55,31.73,5.73,18.2,-5.41,-2.15
C018,Zenith Software,Stable,2019-Q4,4,91.03,50.02,23.57,12.46,110.18,25.73,10.44,10.77,17.55,31.73,6.17,17.09,-4.93,-1.34
C018,Zenith Software,Stable,2020-Q1,5,99.31,55.38,25.85,12.94,116.74,25.24,11.66,11.19,17.55,31.73,6.81,16.79,-6.53,-3.7
C018,Zenith Software,Stable,2020-Q2,6,110.73,62.22,28.61,14.31,121.92,27.94,10.74,15.35,17.55,31.73,6.88,15.22,-6.63,-3.41
C018,Zenith Software,Stable,2020-Q3,7,104.16,57.24,26.52,14.68,133.7,26.16,11.35,12.49,17.55,31.73,4.92,19.9,-4.16,-3.95
C018,Zenith Software,Stable,2020-Q4,8,95.35,52.44,24.45,13.23,144.92,24.47,12.47,12.36,17.55,31.73,4.05,18.92,-3.9,-3.81
C018,Zenith Software,Stable,2021-Q1,9,103.14,58.05,25.89,13.78,150.88,30.38,13.6,12.17,17.55,31.73,5.0,14.35,-4.81,-3.57
C018,Zenith Software,Stable,2021-Q2,10,106.2,59.47,26.87,14.27,164.72,25.04,14.8,14.77,17.55,31.73,5.0,20.19,-4.43,-1.92
C018,Zenith Software,Stable,2021-Q3,11,104.8,58.44,26.78,14.07,175.08,25.32,8.91,12.48,17.55,31.73,4.71,15.35,-3.27,-1.71
C018,Zenith Software,Stable,2021-Q4,12,103.75,58.58,26.33,13.51,180.71,24.83,10.18,11.11,17.55,31.73,8.29,14.74,-7.27,-1.84
C018,Zenith Software,Stable,2022-Q1,13,114.34,62.89,28.97,16.24,187.01,26.87,14.35,17.56,17.55,31.73,9.57,18.16,-8.33,-3.54
C018,Zenith Software,Stable,2022-Q2,14,122.41,68.22,31.18,16.64,195.47,36.46,11.47,17.73,17.55,31.73,9.37,19.38,-8.74,-2.18
C018,Zenith Software,Stable,2022-Q3,15,118.32,67.18,29.71,15.45,208.11,31.85,11.02,14.89,17.55,31.73,7.12,19.31,-6.34,-0.33
C018,Zenith Software,Stable,2022-Q4,16,114.08,62.91,29.37,15.74,221.45,27.33,10.27,12.32,17.55,31.73,9.58,21.96,-8.22,-0.39
C018,Zenith Software,Stable,2023-Q1,17,120.64,67.96,30.82,15.77,234.13,29.18,12.63,16.27,17.55,31.73,5.8,19.92,-5.09,-2.15
C018,Zenith Software,Stable,2023-Q2,18,124.85,70.06,31.55,16.81,246.55,34.24,10.69,15.1,17.55,31.73,8.51,22.28,-8.12,-1.74
C018,Zenith Software,Stable,2023-Q3,19,124.0,70.04,31.84,15.97,254.7,30.85,11.44,14.44,17.55,31.73,8.68,19.31,-7.9,-3.24
C018,Zenith Software,Stable,2023-Q4,20,118.99,65.27,30.41,16.86,262.98,27.2,14.59,11.9,17.55,31.73,10.36,21.02,-10.1,-2.64
C018,Zenith Software,Stable,2024-Q1,21,128.93,72.29,32.84,17.23,270.42,32.51,17.32,14.43,17.55,31.73,10.71,18.31,-9.85,-1.02
C018,Zenith Software,Stable,2024-Q2,22,135.13,75.91,34.97,17.57,282.55,32.83,17.08,20.59,17.55,31.73,6.63,22.2,-6.22,-3.84
C018,Zenith Software,Stable,2024-Q3,23,125.83,70.56,32.28,16.62,291.6,30.53,14.93,13.28,17.55,31.73,6.11,18.02,-5.34,-3.64
C018,Zenith Software,Stable,2024-Q4,24,115.85,64.27,29.5,15.95,299.92,32.58,9.73,15.74,17.55,31.73,9.26,20.5,-7.86,-4.31
C019,Orion Chemicals,Stable,2019-Q1,1,94.19,50.49,26.98,11.86,61.3,27.29,8.87,10.2,16.79,38.63,7.81,12.93,-7.06,-1.08
C019,Orion Chemicals,Stable,2019-Q2,2,100.58,54.33,29.42,11.94,67.01,27.76,9.85,12.01,16.79,38.63,8.93,13.73,-7.97,-0.05
C019,Orion Chemicals,Stable,2019-Q3,3,99.48,54.88,29.02,11.0,72.95,29.5,10.39,10.6,16.79,38.63,7.61,15.51,-6.74,-2.82
C019,Orion Chemicals,Stable,2019-Q4,4,93.26,50.91,26.8,10.97,77.47,22.64,10.92,12.96,16.79,38.63,5.62,12.58,-5.22,-2.85
C019,Orion Chemicals,Stable,2020-Q1,5,101.35,55.04,29.64,11.82,86.61,29.36,12.91,10.91,16.79,38.63,5.96,18.12,-5.45,-3.52
C019,Orion Chemicals,Stable,2020-Q2,6,109.64,59.82,31.25,13.25,100.54,24.65,10.87,15.6,16.79,38.63,6.04,19.25,-4.76,-0.56
C019,Orion Chemicals,Stable,2020-Q3,7,103.58,56.97,30.52,11.38,107.39,27.78,10.43,13.11,16.79,38.63,6.79,15.92,-6.61,-2.46
C019,Orion Chemicals,Stable,2020-Q4,8,100.38,55.45,29.48,10.9,116.38,21.45,13.6,11.81,16.79,38.63,7.79,15.41,-6.57,0.15
C019,Orion Chemicals,Stable,2021-Q1,9,111.36,59.89,32.5,13.54,129.58,30.53,13.04,12.29,16.79,38.63,5.39,19.67,-5.31,-1.16
C019,Orion Chemicals,Stable,2021-Q2,10,118.69,64.72,34.84,13.66,140.92,28.29,10.8,17.06,16.79,38.63,5.87,18.13,-4.79,-2.0
C019,Orion Chemicals,Stable,2021-Q3,11,111.13,61.46,32.6,12.12,149.9,30.11,9.87,16.22,16.79,38.63,8.32,17.06,-7.77,-0.3
C019,Orion Chemicals,Stable,2021-Q4,12,113.56,62.55,32.37,13.3,159.48,27.34,14.93,11.55,16.79,38.63,8.4,19.95,-7.45,-2.91
C019,Orion Chemicals,Stable,2022-Q1,13,126.63,68.83,36.13,15.57,169.54,25.46,14.07,19.1,16.79,38.63,7.33,19.12,-6.81,-2.25
C019,Orion Chemicals,Stable,2022-Q2,14,133.75,72.83,39.31,15.52,184.08,33.51,14.62,14.12,16.79,38.63,7.02,23.13,-6.91,-1.67
C019,Orion Chemicals,Stable,2022-Q3,15,122.61,66.72,35.9,14.3,193.74,26.92,15.48,16.34,16.79,38.63,7.71,18.13,-7.33,-1.14
C019,Orion Chemicals,Stable,2022-Q4,16,123.39,67.39,35.47,14.71,204.87,32.03,16.82,15.06,16.79,38.63,7.06,21.5,-6.98,-3.39
C019,Orion Chemicals,Stable,2023-Q1,17,128.12,68.54,37.71,15.72,217.72,36.44,15.37,13.49,16.79,38.63,5.56,17.97,-4.47,-0.64
C019,Orion Chemicals,Stable,2023-Q2,18,136.63,74.37,38.95,16.79,225.33,34.33,13.75,16.17,16.79,38.63,10.37,22.19,-10.21,-4.38
C019,Orion Chemicals,Stable,2023-Q3,19,130.84,72.28,37.64,15.0,234.99,31.98,15.73,16.69,16.79,38.63,10.9,21.69,-10.88,-1.14
C019,Orion Chemicals,Stable,2023-Q4,20,123.57,67.34,36.47,14.12,244.51,30.68,16.75,17.2,16.79,38.63,8.27,16.99,-6.78,-0.69
C019,Orion Chemicals,Stable,2024-Q1,21,134.99,73.23,38.31,16.9,250.75,32.45,12.7,19.18,16.79,38.63,10.99,20.52,-10.98,-3.3
C019,Orion Chemicals,Stable,2024-Q2,22,143.3,77.41,41.05,17.95,263.02,29.64,13.06,18.23,16.79,38.63,8.72,21.62,-8.16,-1.19
C019,Orion Chemicals,Stable,2024-Q3,23,137.59,74.6,39.21,17.15,274.77,40.64,11.64,15.65,16.79,38.63,7.71,20.65,-7.46,-1.44
C019,Orion Chemicals,Stable,2024-Q4,24,135.26,72.72,39.37,16.69,279.99,28.73,11.42,19.7,16.79,38.63,10.96,19.56,-10.15,-4.19
C020,Meridian Materials,Stable,2019-Q1,1,147.44,85.65,38.28,17.14,69.78,35.05,16.22,20.08,10.13,30.24,10.99,19.7,-10.74,-3.33
C020,Meridian Materials,Stable,2019-Q2,2,158.64,92.97,42.03,17.24,82.94,43.46,19.95,18.18,10.13,30.24,7.04,22.57,-6.47,-2.93
C020,Meridian Materials,Stable,2019-Q3,3,149.24,86.33,38.91,17.51,88.53,43.99,14.17,22.13,10.13,30.24,13.29,19.83,-12.72,-1.53
C020,Meridian Materials,Stable,2019-Q4,4,140.99,82.09,37.1,15.85,99.24,30.9,13.51,22.48,10.13,30.24,11.9,22.81,-10.96,-1.14
C020,Meridian Materials,Stable,2020-Q1,5,150.38,87.46,39.59,17.01,110.43,35.43,14.42,20.96,10.13,30.24,8.89,23.64,-8.69,-3.76
C020,Meridian Materials,Stable,2020-Q2,6,158.26,91.76,41.1,18.56,117.64,41.83,19.28,22.9,10.13,30.24,12.85,22.66,-12.54,-2.91
C020,Meridian Materials,Stable,2020-Q3,7,148.26,85.52,39.41,17.0,130.21,34.74,18.68,15.61,10.13,30.24,8.27,22.87,-8.19,-2.11
C020,Meridian Materials,Stable,2020-Q4,8,142.64,82.71,37.18,16.57,134.04,29.68,13.62,17.35,10.13,30.24,12.2,18.57,-12.19,-2.55
C020,Meridian Materials,Stable,2021-Q1,9,151.37,90.21,39.09,16.06,140.88,44.89,15.39,22.93,10.13,30.24,12.75,21.03,-11.92,-2.27
C020,Meridian Materials,Stable,2021-Q2,10,158.34,91.65,40.9,18.85,156.73,46.18,16.75,19.91,10.13,30.24,9.02,25.31,-7.59,-1.88
C020,Meridian Materials,Stable,2021-Q3,11,154.94,89.15,40.17,18.72,172.86,38.19,15.4,22.68,10.13,30.24,9.48,26.05,-8.97,-0.96
C020,Meridian Materials,Stable,2021-Q4,12,147.97,86.51,38.72,16.56,181.47,34.8,20.85,20.49,10.13,30.24,11.92,22.78,-11.41,-2.75
C020,Meridian Materials,Stable,2022-Q1,13,156.93,93.04,41.81,16.07,192.53,41.17,20.86,24.24,10.13,30.24,9.38,23.16,-9.3,-2.8
C020,Meridian Materials,Stable,2022-Q2,14,172.79,101.95,45.15,18.77,198.27,47.5,18.93,24.82,10.13,30.24,13.39,22.31,-12.57,-4.0
C020,Meridian Materials,Stable,2022-Q3,15,169.37,99.17,43.84,19.27,210.12,50.26,21.97,27.34,10.13,30.24,10.8,24.1,-9.45,-2.79
C020,Meridian Materials,Stable,2022-Q4,16,156.55,92.5,40.58,17.12,220.41,38.3,15.02,18.55,10.13,30.24,6.57,18.99,-5.1,-3.6
C020,Meridian Materials,Stable,2023-Q1,17,172.8,101.46,44.61,19.55,228.89,47.14,21.31,25.68,10.13,30.24,15.34,26.52,-14.48,-3.57
C020,Meridian Materials,Stable,2023-Q2,18,187.3,110.4,48.19,21.04,241.85,54.27,17.88,23.49,10.13,30.24,13.09,28.71,-12.5,-3.26
C020,Meridian Materials,Stable,2023-Q3,19,176.05,104.68,45.33,19.03,255.75,48.89,24.58,20.75,10.13,30.24,8.5,24.05,-7.44,-2.71
C020,Meridian Materials,Stable,2023-Q4,20,171.46,101.01,44.35,19.08,264.18,37.92,15.57,21.44,10.13,30.24,14.21,24.76,-13.21,-3.12
C020,Meridian Materials,Stable,2024-Q1,21,184.26,106.93,47.38,21.97,275.73,50.23,17.34,22.49,10.13,30.24,12.57,27.85,-11.67,-4.63
C020,Meridian Materials,Stable,2024-Q2,22,201.53,117.52,53.01,22.76,289.94,59.85,26.18,32.0,10.13,30.24,14.02,30.69,-13.74,-2.75
C020,Meridian Materials,Stable,2024-Q3,23,199.54,116.88,52.3,22.28,307.02,46.58,23.6,23.35,10.13,30.24,9.84,30.39,-9.71,-3.6
C020,Meridian Materials,Stable,2024-Q4,24,198.44,117.01,51.82,21.71,317.26,45.18,24.08,25.12,10.13,30.24,17.09,30.52,-16.34,-3.94
C021,Pulse Digital,Declining,2019-Q1,1,109.42,67.52,36.45,3.34,36.94,27.55,14.28,13.75,15.18,46.58,6.72,7.61,-6.61,-2.08
C021,Pulse Digital,Declining,2019-Q2,2,117.41,74.66,37.98,2.82,31.51,25.77,14.97,19.18,15.18,46.58,8.08,4.75,-7.9,-2.28
C021,Pulse Digital,Declining,2019-Q3,3,110.36,68.59,35.97,3.6,31.96,22.51,13.37,16.31,15.18,46.58,6.25,8.34,-5.78,-2.11
C021,Pulse Digital,Declining,2019-Q4,4,99.05,61.82,31.86,3.27,34.01,27.4,15.25,17.12,15.18,46.58,6.94,9.29,-5.89,-1.35
C021,Pulse Digital,Declining,2020-Q1,5,98.97,62.05,32.69,2.42,32.78,22.58,11.28,16.91,15.18,46.58,6.36,3.68,-4.99,0.08
C021,Pulse Digital,Declining,2020-Q2,6,107.58,67.63,34.82,3.1,36.72,25.21,15.91,15.96,15.18,46.58,4.84,7.37,-4.82,1.39
C021,Pulse Digital,Declining,2020-Q3,7,101.72,62.75,33.5,3.35,38.24,29.83,13.03,12.09,15.18,46.58,7.97,7.86,-7.36,1.02
C021,Pulse Digital,Declining,2020-Q4,8,87.21,55.05,28.97,1.65,35.72,22.88,8.98,11.61,15.18,46.58,7.45,3.33,-6.31,0.46
C021,Pulse Digital,Declining,2021-Q1,9,86.63,54.91,28.29,1.82,36.28,19.28,11.62,10.11,15.18,46.58,5.49,4.17,-5.27,1.67
C021,Pulse Digital,Declining,2021-Q2,10,86.66,53.75,27.91,3.0,38.85,19.1,12.2,11.96,15.18,46.58,3.56,6.74,-3.51,-0.67
C021,Pulse Digital,Declining,2021-Q3,11,78.77,48.61,25.79,2.53,37.95,22.95,9.18,12.78,15.18,46.58,6.84,3.42,-5.71,1.39
C021,Pulse Digital,Declining,2021-Q4,12,71.31,45.06,23.18,1.55,37.88,20.95,8.0,9.61,15.18,46.58,5.58,5.53,-4.19,-1.41
C021,Pulse Digital,Declining,2022-Q1,13,74.39,45.86,24.21,2.49,39.09,16.98,8.28,12.76,15.18,46.58,5.65,6.25,-4.18,-0.86
C021,Pulse Digital,Declining,2022-Q2,14,77.71,49.35,25.34,1.52,38.06,22.3,8.29,13.56,15.18,46.58,4.38,2.87,-3.24,-0.65
C021,Pulse Digital,Declining,2022-Q3,15,68.07,43.13,22.01,1.45,34.84,14.01,7.76,9.81,15.18,46.58,3.93,2.1,-3.33,-1.99
C021,Pulse Digital,Declining,2022-Q4,16,65.56,41.28,21.76,1.14,33.65,14.11,8.66,10.17,15.18,46.58,4.92,3.27,-4.3,-0.15
C021,Pulse Digital,Declining,2023-Q1,17,66.44,41.47,22.14,1.37,36.84,16.08,8.3,11.24,15.18,46.58,4.59,5.33,-3.39,1.25
C021,Pulse Digital,Declining,2023-Q2,18,67.9,42.53,22.17,1.64,31.75,16.2,10.49,10.62,15.18,46.58,5.65,1.8,-4.92,-1.97
C021,Pulse Digital,Declining,2023-Q3,19,57.34,36.52,18.52,0.97,34.18,16.21,7.52,6.77,15.18,46.58,3.76,6.02,-3.33,-0.27
C021,Pulse Digital,Declining,2023-Q4,20,53.94,34.33,17.49,0.83,34.24,11.83,5.59,7.2,15.18,46.58,3.43,4.61,-3.09,-1.46
C021,Pulse Digital,Declining,2024-Q1,21,55.94,34.88,18.64,1.06,32.6,13.9,5.86,9.39,15.18,46.58,4.22,3.06,-2.75,-1.96
C021,Pulse Digital,Declining,2024-Q2,22,56.68,34.99,18.69,1.5,28.85,12.93,5.89,6.44,15.18,46.58,4.46,0.87,-4.26,-0.35
C021,Pulse Digital,Declining,2024-Q3,23,49.29,30.34,16.3,1.24,28.44,9.91,6.86,8.17,15.18,46.58,3.29,2.79,-2.58,-0.63
C021,Pulse Digital,Declining,2024-Q4,24,47.22,30.09,15.68,0.34,30.08,11.03,6.36,8.2,15.18,46.58,3.09,4.99,-2.41,-0.94
C022,Veritas Agritech,Declining,2019-Q1,1,123.4,77.41,39.26,4.06,25.88,30.1,15.56,15.94,21.07,59.96,5.47,7.67,-5.02,1.26
C022,Veritas Agritech,Declining,2019-Q2,2,123.67,80.31,39.63,1.81,22.01,31.79,19.35,14.5,21.07,59.96,10.81,8.43,-10.67,-1.63
C022,Veritas Agritech,Declining,2019-Q3,3,112.67,70.48,35.99,3.65,27.22,27.6,15.46,17.85,21.07,59.96,6.13,10.94,-5.32,-0.41
C022,Veritas Agritech,Declining,2019-Q4,4,103.9,66.03,33.07,2.6,30.28,30.94,15.54,15.18,21.07,59.96,5.34,7.19,-4.52,0.39
C022,Veritas Agritech,Declining,2020-Q1,5,107.5,68.89,34.5,2.09,29.77,29.8,11.51,15.05,21.07,59.96,6.62,5.31,-5.45,-0.38
C022,Veritas Agritech,Declining,2020-Q2,6,109.91,70.94,35.57,1.56,24.96,25.74,16.39,14.46,21.07,59.96,7.17,4.17,-6.78,-2.2
C022,Veritas Agritech,Declining,2020-Q3,7,100.5,63.97,33.03,1.63,24.09,25.84,15.12,12.41,21.07,59.96,8.38,6.01,-7.51,0.63
C022,Veritas Agritech,Declining,2020-Q4,8,97.32,61.77,30.88,2.51,20.23,23.92,11.7,16.47,21.07,59.96,8.6,4.68,-7.16,-1.39
C022,Veritas Agritech,Declining,2021-Q1,9,102.19,66.41,32.89,1.17,14.24,23.72,13.46,16.52,21.07,59.96,7.85,3.76,-7.77,-1.98
C022,Veritas Agritech,Declining,2021-Q2,10,103.5,65.73,33.19,2.44,13.81,23.97,13.09,13.94,21.07,59.96,5.74,4.58,-4.28,-0.72
C022,Veritas Agritech,Declining,2021-Q3,11,100.29,65.22,32.02,1.3,9.36,26.89,14.45,15.7,21.07,59.96,7.41,2.67,-7.31,0.19
C022,Veritas Agritech,Declining,2021-Q4,12,86.63,55.8,27.62,1.42,11.25,24.62,8.54,14.75,21.07,59.96,4.41,4.49,-4.21,1.6
C022,Veritas Agritech,Declining,2022-Q1,13,92.2,58.93,29.3,1.99,8.78,21.11,10.25,11.87,21.07,59.96,6.93,4.97,-6.61,-0.83
C022,Veritas Agritech,Declining,2022-Q2,14,89.77,57.02,29.51,1.44,6.37,26.52,13.12,11.64,21.07,59.96,5.01,2.39,-4.61,-0.19
C022,Veritas Agritech,Declining,2022-Q3,15,82.92,53.63,26.6,1.03,8.21,22.28,9.72,9.98,21.07,59.96,3.36,5.43,-2.74,-0.84
C022,Veritas Agritech,Declining,2022-Q4,16,76.06,48.9,24.8,0.78,8.71,17.52,11.3,10.24,21.07,59.96,5.81,3.43,-4.77,1.83
C022,Veritas Agritech,Declining,2023-Q1,17,79.67,51.05,26.13,0.88,6.98,17.18,11.5,12.09,21.07,59.96,5.08,2.66,-4.58,0.19
C022,Veritas Agritech,Declining,2023-Q2,18,78.52,50.87,25.4,0.69,3.14,20.66,10.27,9.42,21.07,59.96,5.07,2.14,-4.61,-1.38
C022,Veritas Agritech,Declining,2023-Q3,19,66.9,42.27,21.55,1.32,7.45,14.27,10.26,11.28,21.07,59.96,3.03,5.15,-1.87,1.03
C022,Veritas Agritech,Declining,2023-Q4,20,60.73,39.16,19.29,0.72,6.37,16.06,9.14,9.31,21.07,59.96,3.82,3.91,-3.03,-1.97
C022,Veritas Agritech,Declining,2024-Q1,21,61.0,38.81,19.51,1.01,7.14,15.53,6.34,9.67,21.07,59.96,2.94,5.12,-2.78,-1.57
C022,Veritas Agritech,Declining,2024-Q2,22,62.78,40.66,20.28,0.39,6.25,15.49,6.53,9.96,21.07,59.96,5.11,5.04,-4.17,-1.76
C022,Veritas Agritech,Declining,2024-Q3,23,56.03,35.4,17.99,0.99,8.15,16.49,7.47,9.33,21.07,59.96,2.56,4.41,-1.45,-1.05
C022,Veritas Agritech,Declining,2024-Q4,24,50.15,32.17,16.08,0.44,12.91,15.03,5.67,6.69,21.07,59.96,2.07,4.95,-1.02,0.84
C023,Hyperion Robotics,Declining,2019-Q1,1,120.16,82.99,37.28,-1.34,30.52,29.31,12.78,17.94,24.69,49.42,9.02,5.09,-8.33,-1.78
C023,Hyperion Robotics,Declining,2019-Q2,2,122.67,82.87,37.39,0.87,31.49,35.92,17.74,17.5,24.69,49.42,5.31,5.51,-3.85,-0.69
C023,Hyperion Robotics,Declining,2019-Q3,3,106.87,72.94,32.83,-0.14,25.72,29.02,12.9,15.43,24.69,49.42,7.78,1.56,-7.72,0.39
C023,Hyperion Robotics,Declining,2019-Q4,4,98.37,67.63,30.49,-1.0,21.49,24.09,13.25,12.69,24.69,49.42,7.97,3.69,-7.61,-0.31
C023,Hyperion Robotics,Declining,2020-Q1,5,104.49,69.93,31.39,1.46,15.22,30.42,16.23,17.9,24.69,49.42,8.59,2.52,-7.93,-0.85
C023,Hyperion Robotics,Declining,2020-Q2,6,104.33,70.82,31.32,0.71,13.02,28.76,14.75,14.07,24.69,49.42,5.13,2.6,-5.05,0.24
C023,Hyperion Robotics,Declining,2020-Q3,7,97.64,67.0,29.6,-0.19,7.31,22.94,14.05,13.9,24.69,49.42,7.5,0.52,-6.56,0.32
C023,Hyperion Robotics,Declining,2020-Q4,8,89.16,61.0,27.41,-0.47,4.46,19.67,11.3,11.75,24.69,49.42,6.58,0.59,-5.29,1.85
C023,Hyperion Robotics,Declining,2021-Q1,9,90.57,60.4,27.99,0.71,3.31,23.36,12.79,15.59,24.69,49.42,7.4,5.29,-7.32,0.88
C023,Hyperion Robotics,Declining,2021-Q2,10,96.31,66.17,29.15,-0.24,0.5,25.43,12.0,18.25,24.69,49.42,6.64,0.46,-6.39,0.85
C023,Hyperion Robotics,Declining,2021-Q3,11,88.43,59.9,27.44,-0.15,0.5,19.56,9.85,15.33,24.69,49.42,7.57,3.15,-7.35,0.58
C023,Hyperion Robotics,Declining,2021-Q4,12,80.6,54.03,24.26,0.81,0.5,21.63,11.31,13.8,24.69,49.42,5.03,2.57,-4.42,1.82
C023,Hyperion Robotics,Declining,2022-Q1,13,82.17,55.35,25.14,0.33,5.07,18.51,13.37,11.43,24.69,49.42,3.71,5.72,-2.73,1.58
C023,Hyperion Robotics,Declining,2022-Q2,14,83.43,55.78,25.94,0.35,2.0,20.46,13.64,13.82,24.69,49.42,4.12,2.28,-3.67,-1.68
C023,Hyperion Robotics,Declining,2022-Q3,15,81.07,54.14,24.38,0.99,0.5,21.43,9.19,10.27,24.69,49.42,6.99,1.91,-5.75,-0.73
C023,Hyperion Robotics,Declining,2022-Q4,16,74.58,50.84,22.8,-0.3,0.65,19.96,11.1,12.35,24.69,49.42,3.13,1.03,-2.45,1.56
C023,Hyperion Robotics,Declining,2023-Q1,17,81.38,56.22,24.5,-0.58,1.43,21.91,12.22,15.63,24.69,49.42,6.05,5.27,-5.68,1.19
C023,Hyperion Robotics,Declining,2023-Q2,18,85.99,57.35,26.54,0.65,0.94,25.03,10.8,13.94,24.69,49.42,5.32,3.42,-4.86,0.95
C023,Hyperion Robotics,Declining,2023-Q3,19,80.57,55.11,24.35,-0.12,0.5,16.66,9.74,14.95,24.69,49.42,6.13,3.6,-5.74,0.88
C023,Hyperion Robotics,Declining,2023-Q4,20,74.66,49.63,22.67,0.84,0.5,19.61,8.17,13.02,24.69,49.42,5.42,1.97,-4.81,0.26
C023,Hyperion Robotics,Declining,2024-Q1,21,77.99,53.52,24.28,-1.04,0.5,17.25,9.45,13.18,24.69,49.42,6.69,4.66,-5.94,1.18
C023,Hyperion Robotics,Declining,2024-Q2,22,82.86,55.32,25.77,0.39,0.5,24.56,9.2,11.61,24.69,49.42,4.44,1.09,-3.22,-0.55
C023,Hyperion Robotics,Declining,2024-Q3,23,76.73,52.99,23.54,-1.04,0.5,18.54,8.83,14.76,24.69,49.42,4.15,3.71,-4.04,-1.77
C023,Hyperion Robotics,Declining,2024-Q4,24,69.92,46.65,21.41,0.46,0.5,20.48,9.32,12.33,24.69,49.42,5.27,2.71,-4.18,-1.37
C024,Catalyst Renewables,Declining,2019-Q1,1,89.0,52.87,29.38,4.11,29.35,25.69,10.1,12.71,29.94,44.24,5.42,8.42,-5.2,-2.24
C024,Catalyst Renewables,Declining,2019-Q2,2,96.02,55.28,32.06,5.57,32.66,21.47,9.46,14.02,29.94,44.24,6.27,8.33,-6.03,1.0
C024,Catalyst Renewables,Declining,2019-Q3,3,92.61,53.6,29.86,5.92,39.15,18.71,11.18,12.09,29.94,44.24,3.74,9.61,-3.1,-0.02
C024,Catalyst Renewables,Declining,2019-Q4,4,83.9,49.14,27.85,4.23,42.26,18.73,11.37,11.74,29.94,44.24,4.35,5.84,-3.41,0.69
C024,Catalyst Renewables,Declining,2020-Q1,5,83.25,49.59,27.57,3.62,46.0,20.38,9.86,9.94,29.94,44.24,4.82,7.69,-3.33,-0.62
C024,Catalyst Renewables,Declining,2020-Q2,6,84.98,49.86,28.03,4.37,48.01,24.79,11.47,11.22,29.94,44.24,5.89,9.05,-5.15,-1.89
C024,Catalyst Renewables,Declining,2020-Q3,7,74.61,44.53,24.38,3.33,49.52,22.03,9.05,10.83,29.94,44.24,3.47,6.51,-2.9,-2.1
C024,Catalyst Renewables,Declining,2020-Q4,8,68.18,40.22,22.38,3.24,49.25,18.94,6.92,7.9,29.94,44.24,5.89,5.36,-4.82,-0.81
C024,Catalyst Renewables,Declining,2021-Q1,9,69.16,41.39,22.9,2.71,53.67,15.81,8.63,7.9,29.94,44.24,3.37,8.25,-2.4,-1.42
C024,Catalyst Renewables,Declining,2021-Q2,10,71.85,42.55,23.9,3.11,54.92,19.21,9.0,11.46,29.94,44.24,4.06,3.45,-3.69,1.49
C024,Catalyst Renewables,Declining,2021-Q3,11,69.36,41.02,22.55,3.39,59.25,15.53,7.31,9.07,29.94,44.24,2.84,4.51,-1.52,1.35
C024,Catalyst Renewables,Declining,2021-Q4,12,62.47,36.44,20.42,3.26,61.01,12.54,7.95,9.57,29.94,44.24,3.0,3.59,-1.81,-0.02
C024,Catalyst Renewables,Declining,2022-Q1,13,65.32,38.06,21.37,3.47,66.36,18.09,8.79,8.37,29.94,44.24,3.94,8.72,-2.78,-0.59
C024,Catalyst Renewables,Declining,2022-Q2,14,66.82,39.85,22.34,2.53,72.2,13.95,9.71,10.46,29.94,44.24,3.34,6.96,-2.14,1.02
C024,Catalyst Renewables,Declining,2022-Q3,15,61.88,35.67,20.07,3.66,68.01,15.7,7.4,8.72,29.94,44.24,5.45,3.17,-5.38,-1.98
C024,Catalyst Renewables,Declining,2022-Q4,16,56.88,32.75,18.76,3.09,66.84,16.68,7.09,8.59,29.94,44.24,3.82,2.42,-3.13,-0.47
C024,Catalyst Renewables,Declining,2023-Q1,17,59.63,35.01,19.82,2.65,64.06,14.82,5.78,8.57,29.94,44.24,4.99,3.06,-4.07,-1.77
C024,Catalyst Renewables,Declining,2023-Q2,18,60.97,36.45,20.07,2.39,66.87,12.64,7.75,7.48,29.94,44.24,4.93,6.62,-3.46,-0.35
C024,Catalyst Renewables,Declining,2023-Q3,19,59.08,34.18,19.47,3.13,67.6,15.04,5.43,7.58,29.94,44.24,4.89,7.59,-4.74,-2.11
C024,Catalyst Renewables,Declining,2023-Q4,20,53.9,31.34,18.0,2.48,69.61,11.48,6.96,5.96,29.94,44.24,3.12,5.37,-1.93,-1.44
C024,Catalyst Renewables,Declining,2024-Q1,21,53.96,31.95,18.01,2.05,69.01,11.48,7.56,7.65,29.94,44.24,3.31,1.98,-3.07,0.49
C024,Catalyst Renewables,Declining,2024-Q2,22,57.15,33.9,18.5,2.62,68.91,14.32,7.85,9.28,29.94,44.24,5.0,4.92,-4.2,-0.82
C024,Catalyst Renewables,Declining,2024-Q3,23,52.75,30.93,17.34,2.41,68.44,15.02,7.21,6.82,29.94,44.24,3.41,3.49,-2.55,-1.41
C024,Catalyst Renewables,Declining,2024-Q4,24,50.34,29.9,16.55,1.97,72.12,11.75,4.8,6.1,29.94,44.24,2.78,6.65,-2.53,-0.45
C025,Summit Real Estate,Declining,2019-Q1,1,84.72,51.37,28.8,2.61,33.98,20.82,11.61,10.31,20.35,43.42,3.48,7.32,-2.85,0.71
C025,Summit Real Estate,Declining,2019-Q2,2,87.32,53.12,30.07,2.3,38.02,19.25,11.91,9.84,20.35,43.42,4.36,8.02,-3.05,-0.93
C025,Summit Real Estate,Declining,2019-Q3,3,76.85,47.82,26.0,1.47,34.84,16.74,9.53,9.0,20.35,43.42,6.7,2.77,-5.24,-0.72
C025,Summit Real Estate,Declining,2019-Q4,4,71.93,44.79,24.75,1.0,36.98,16.33,9.86,11.01,20.35,43.42,3.83,6.9,-2.82,-1.94
C025,Summit Real Estate,Declining,2020-Q1,5,73.66,44.74,24.95,2.18,37.27,16.83,8.39,11.44,20.35,43.42,3.23,5.41,-3.2,-1.92
C025,Summit Real Estate,Declining,2020-Q2,6,78.53,47.91,27.44,1.59,39.96,20.71,11.03,10.86,20.35,43.42,3.57,4.05,-2.25,0.89
C025,Summit Real Estate,Declining,2020-Q3,7,71.3,43.64,24.62,1.49,36.82,21.01,9.08,10.21,20.35,43.42,3.08,1.75,-2.8,-2.09
C025,Summit Real Estate,Declining,2020-Q4,8,61.84,38.24,21.43,0.84,35.24,13.21,8.93,7.47,20.35,43.42,3.24,2.21,-2.69,-1.11
C025,Summit Real Estate,Declining,2021-Q1,9,58.15,36.3,19.62,0.88,31.79,12.46,5.64,8.81,20.35,43.42,4.76,0.56,-3.99,-0.02
C025,Summit Real Estate,Declining,2021-Q2,10,58.67,36.01,19.89,1.28,30.38,12.89,6.55,8.62,20.35,43.42,2.69,1.93,-1.23,-2.1
C025,Summit Real Estate,Declining,2021-Q3,11,54.16,32.9,18.33,1.41,30.43,11.62,7.23,8.04,20.35,43.42,4.71,5.3,-3.67,-1.59
C025,Summit Real Estate,Declining,2021-Q4,12,49.87,30.22,17.37,0.92,27.75,11.02,4.75,7.57,20.35,43.42,4.29,2.42,-3.31,-1.78
C025,Summit Real Estate,Declining,2022-Q1,13,49.37,29.69,16.96,1.25,28.23,10.48,5.64,6.39,20.35,43.42,3.96,4.92,-3.73,-0.72
C025,Summit Real Estate,Declining,2022-Q2,14,47.65,29.03,16.14,1.07,27.54,13.33,6.41,5.78,20.35,43.42,2.16,2.2,-1.22,-1.67
C025,Summit Real Estate,Declining,2022-Q3,15,45.0,28.0,15.49,0.33,30.16,9.78,5.26,7.4,20.35,43.42,3.26,3.06,-1.96,1.53
C025,Summit Real Estate,Declining,2022-Q4,16,38.29,23.84,12.94,0.34,32.87,9.74,5.34,6.1,20.35,43.42,1.85,2.53,-0.65,0.83
C025,Summit Real Estate,Declining,2023-Q1,17,39.05,23.6,13.33,0.8,33.12,7.88,4.48,5.55,20.35,43.42,2.86,3.12,-1.6,-1.26
C025,Summit Real Estate,Declining,2023-Q2,18,38.72,23.35,13.49,0.62,31.18,8.35,5.78,6.17,20.35,43.42,3.45,2.24,-3.3,-0.88
C025,Summit Real Estate,Declining,2023-Q3,19,33.58,20.91,11.33,0.2,29.34,8.56,4.37,5.13,20.35,43.42,1.96,0.1,-0.69,-1.25
C025,Summit Real Estate,Declining,2023-Q4,20,31.55,19.57,10.87,0.04,30.97,8.71,4.33,3.93,20.35,43.42,2.63,1.76,-1.98,1.86
C025,Summit Real Estate,Declining,2024-Q1,21,31.11,18.97,10.88,0.16,30.47,7.22,4.49,5.09,20.35,43.42,1.37,0.56,-0.29,-0.78
C025,Summit Real Estate,Declining,2024-Q2,22,31.55,19.54,10.81,0.11,30.32,7.84,4.45,4.26,20.35,43.42,1.86,1.06,-1.3,0.09
C025,Summit Real Estate,Declining,2024-Q3,23,28.15,17.25,9.74,0.08,30.04,6.39,3.07,4.72,20.35,43.42,1.94,2.59,-0.97,-1.89
C025,Summit Real Estate,Declining,2024-Q4,24,26.33,16.2,9.05,0.02,27.48,6.7,3.01,3.05,20.35,43.42,2.31,-0.74,-1.69,-0.14
C026,Starlight Media,Declining,2019-Q1,1,69.39,45.15,23.6,-0.52,26.96,15.59,9.69,11.07,18.65,52.34,4.22,4.26,-4.12,-0.91
C026,Starlight Media,Declining,2019-Q2,2,69.69,46.29,24.0,-1.76,23.79,18.88,6.98,10.73,18.65,52.34,4.77,-1.65,-3.39,1.87
C026,Starlight Media,Declining,2019-Q3,3,59.04,39.16,20.39,-1.67,20.97,12.19,7.7,7.99,18.65,52.34,3.71,0.59,-2.83,-0.57
C026,Starlight Media,Declining,2019-Q4,4,56.74,36.48,19.47,-0.37,19.17,16.06,7.89,7.8,18.65,52.34,4.86,4.58,-4.54,-1.84
C026,Starlight Media,Declining,2020-Q1,5,59.34,39.4,20.67,-1.89,15.68,15.43,8.0,7.2,18.65,52.34,3.74,-0.93,-2.79,0.23
C026,Starlight Media,Declining,2020-Q2,6,61.47,40.45,20.9,-1.04,14.65,15.77,6.42,8.95,18.65,52.34,4.59,2.97,-3.1,-0.89
C026,Starlight Media,Declining,2020-Q3,7,52.13,33.89,18.14,-1.06,16.42,13.99,8.07,6.79,18.65,52.34,2.24,3.36,-0.91,-0.68
C026,Starlight Media,Declining,2020-Q4,8,47.06,30.44,16.15,-0.69,16.99,13.84,4.71,6.55,18.65,52.34,2.81,3.39,-2.52,-0.3
C026,Starlight Media,Declining,2021-Q1,9,49.24,32.43,16.89,-1.24,15.33,14.71,6.37,6.03,18.65,52.34,3.04,-0.64,-2.81,1.79
C026,Starlight Media,Declining,2021-Q2,10,49.84,32.83,16.94,-1.09,16.7,12.91,7.29,9.0,18.65,52.34,3.28,3.24,-2.12,0.25
C026,Starlight Media,Declining,2021-Q3,11,43.79,28.11,15.04,-0.52,14.81,9.94,4.28,7.09,18.65,52.34,3.06,-1.52,-2.25,1.88
C026,Starlight Media,Declining,2021-Q4,12,39.73,25.88,13.39,-0.7,13.2,10.14,6.06,7.24,18.65,52.34,2.23,0.49,-0.87,-1.24
C026,Starlight Media,Declining,2022-Q1,13,38.86,24.86,13.25,-0.41,10.1,8.8,5.43,6.83,18.65,52.34,3.13,-0.21,-3.05,0.15
C026,Starlight Media,Declining,2022-Q2,14,41.7,26.71,14.55,-0.72,11.09,11.53,5.76,7.01,18.65,52.34,3.69,1.91,-2.62,1.7
C026,Starlight Media,Declining,2022-Q3,15,36.59,23.87,12.37,-0.81,9.55,9.49,4.73,5.78,18.65,52.34,1.82,-2.26,-1.08,1.8
C026,Starlight Media,Declining,2022-Q4,16,33.11,21.48,11.32,-0.85,7.81,8.99,4.52,4.51,18.65,52.34,1.68,-0.03,-0.24,-1.48
C026,Starlight Media,Declining,2023-Q1,17,33.58,21.64,11.65,-0.87,6.21,7.39,3.42,4.92,18.65,52.34,1.49,-2.41,-0.27,1.09
C026,Starlight Media,Declining,2023-Q2,18,34.13,22.62,11.88,-1.51,5.16,9.16,3.51,5.84,18.65,52.34,2.73,1.98,-1.97,-1.07
C026,Starlight Media,Declining,2023-Q3,19,31.41,20.87,10.63,-1.24,1.55,6.99,3.57,5.41,18.65,52.34,1.36,-1.84,0.14,-1.9
C026,Starlight Media,Declining,2023-Q4,20,29.03,19.17,9.9,-1.21,2.03,8.25,3.94,5.18,18.65,52.34,1.17,2.54,-1.06,-1.0
C026,Starlight Media,Declining,2024-Q1,21,30.37,19.76,10.46,-1.01,0.5,6.65,4.56,5.47,18.65,52.34,1.97,-1.14,-1.84,0.24
C026,Starlight Media,Declining,2024-Q2,22,31.26,20.37,10.57,-0.84,2.17,7.63,3.74,4.73,18.65,52.34,1.26,0.94,-0.12,0.85
C026,Starlight Media,Declining,2024-Q3,23,27.9,18.37,9.74,-1.37,2.42,6.25,3.35,3.64,18.65,52.34,1.33,0.26,-0.8,0.79
C026,Starlight Media,Declining,2024-Q4,24,25.08,16.39,8.57,-1.03,0.5,6.07,3.38,2.96,18.65,52.34,2.11,-2.53,-1.99,0.83
C027,Vortex Defense,Declining,2019-Q1,1,122.17,75.11,42.16,2.65,39.34,25.03,12.7,19.46,29.13,52.19,6.73,7.43,-6.15,1.02
C027,Vortex Defense,Declining,2019-Q2,2,122.95,76.62,42.09,2.15,38.87,26.04,13.42,20.85,29.13,52.19,8.2,7.69,-7.3,-0.86
C027,Vortex Defense,Declining,2019-Q3,3,112.66,68.45,38.35,3.37,38.26,28.58,16.68,14.43,29.13,52.19,8.81,10.19,-8.44,-2.36
C027,Vortex Defense,Declining,2019-Q4,4,106.94,64.93,37.29,2.51,41.89,23.52,12.15,14.95,29.13,52.19,4.88,8.34,-4.27,-0.44
C027,Vortex Defense,Declining,2020-Q1,5,114.64,69.81,40.1,2.53,44.04,30.87,14.35,17.45,29.13,52.19,5.38,6.81,-4.38,-0.28
C027,Vortex Defense,Declining,2020-Q2,6,118.26,73.38,40.6,2.19,42.44,34.38,15.32,13.84,29.13,52.19,9.2,6.76,-8.01,-0.35
C027,Vortex Defense,Declining,2020-Q3,7,107.01,65.79,37.56,1.72,36.22,30.99,14.38,17.49,29.13,52.19,8.91,3.76,-8.43,-1.54
C027,Vortex Defense,Declining,2020-Q4,8,98.92,60.4,34.07,2.31,34.32,22.27,11.0,11.69,29.13,52.19,6.79,5.18,-6.12,-0.96
C027,Vortex Defense,Declining,2021-Q1,9,103.34,64.42,35.46,1.57,29.3,28.36,10.64,12.43,29.13,52.19,8.31,4.9,-7.94,-1.98
C027,Vortex Defense,Declining,2021-Q2,10,106.99,65.05,37.5,2.31,29.95,28.18,11.4,15.32,29.13,52.19,7.79,6.98,-7.44,1.11
C027,Vortex Defense,Declining,2021-Q3,11,101.09,61.17,34.75,2.85,35.37,23.77,12.5,11.46,29.13,52.19,5.14,8.76,-4.13,0.78
C027,Vortex Defense,Declining,2021-Q4,12,88.88,54.98,31.01,1.15,33.37,23.66,10.2,14.34,29.13,52.19,6.09,3.64,-4.98,-0.66
C027,Vortex Defense,Declining,2022-Q1,13,90.45,56.52,31.79,0.58,32.96,23.02,12.22,15.28,29.13,52.19,4.67,1.99,-3.6,1.21
C027,Vortex Defense,Declining,2022-Q2,14,87.44,54.73,30.11,0.93,30.66,18.27,10.61,11.11,29.13,52.19,6.87,3.29,-6.76,1.17
C027,Vortex Defense,Declining,2022-Q3,15,84.58,51.34,29.04,2.14,32.17,17.68,12.64,13.38,29.13,52.19,4.33,5.38,-2.93,-0.94
C027,Vortex Defense,Declining,2022-Q4,16,73.55,44.77,25.48,1.45,35.97,21.65,6.73,9.12,29.13,52.19,3.57,7.14,-3.4,0.06
C027,Vortex Defense,Declining,2023-Q1,17,75.58,47.56,26.3,0.27,31.75,15.68,11.86,10.5,29.13,52.19,5.13,2.15,-4.68,-1.69
C027,Vortex Defense,Declining,2023-Q2,18,80.28,48.55,27.68,2.01,30.06,22.77,10.06,13.59,29.13,52.19,4.34,4.06,-4.1,-1.65
C027,Vortex Defense,Declining,2023-Q3,19,75.4,47.28,26.55,0.16,24.37,16.83,11.26,10.06,29.13,52.19,6.3,1.02,-5.34,-1.36
C027,Vortex Defense,Declining,2023-Q4,20,67.19,41.34,23.02,1.1,22.25,18.39,8.08,11.53,29.13,52.19,3.88,1.19,-3.16,-0.15
C027,Vortex Defense,Declining,2024-Q1,21,71.64,44.87,25.19,0.16,23.28,20.09,10.55,10.55,29.13,52.19,3.95,5.14,-3.35,-0.76
C027,Vortex Defense,Declining,2024-Q2,22,71.44,44.02,24.47,1.18,23.37,21.16,7.98,8.36,29.13,52.19,3.06,4.28,-2.9,-1.3
C027,Vortex Defense,Declining,2024-Q3,23,60.34,37.68,21.05,0.19,26.33,14.64,6.91,7.98,29.13,52.19,2.57,4.36,-2.55,1.15
C027,Vortex Defense,Declining,2024-Q4,24,52.71,32.5,17.94,0.68,29.62,11.78,7.9,8.64,29.13,52.19,3.38,4.09,-2.6,1.8
C028,Solstice Pharma,Declining,2019-Q1,1,126.89,85.24,39.52,0.74,16.38,30.03,18.06,16.7,25.14,42.15,10.88,8.29,-10.63,-1.63
C028,Solstice Pharma,Declining,2019-Q2,2,130.08,84.57,41.75,1.97,20.05,28.54,16.21,19.02,25.14,42.15,5.67,7.57,-5.33,1.43
C028,Solstice Pharma,Declining,2019-Q3,3,118.98,77.15,37.31,2.54,25.5,31.27,13.7,20.9,25.14,42.15,5.19,7.82,-3.82,1.45
C028,Solstice Pharma,Declining,2019-Q4,4,108.59,70.58,34.34,1.91,21.25,25.01,13.36,13.97,25.14,42.15,9.55,6.5,-8.79,-1.95
C028,Solstice Pharma,Declining,2020-Q1,5,106.34,71.3,33.49,0.31,15.38,23.32,12.06,18.32,25.14,42.15,8.33,2.92,-8.02,-0.76
C028,Solstice Pharma,Declining,2020-Q2,6,112.83,74.49,36.26,0.71,13.14,33.08,12.71,16.08,25.14,42.15,7.39,2.96,-6.7,1.5
C028,Solstice Pharma,Declining,2020-Q3,7,102.31,67.61,32.82,0.55,10.26,28.71,10.17,14.33,25.14,42.15,5.27,4.02,-4.97,-1.93
C028,Solstice Pharma,Declining,2020-Q4,8,94.84,63.06,29.66,0.74,13.01,19.46,10.91,16.41,25.14,42.15,6.08,6.4,-5.46,1.8
C028,Solstice Pharma,Declining,2021-Q1,9,95.68,62.73,29.82,1.5,7.95,22.77,15.12,15.15,25.14,42.15,8.3,4.55,-8.22,-1.38
C028,Solstice Pharma,Declining,2021-Q2,10,96.09,63.7,30.49,0.58,5.23,19.6,12.12,15.6,25.14,42.15,6.91,5.43,-6.43,-1.71
C028,Solstice Pharma,Declining,2021-Q3,11,84.8,57.06,26.75,-0.15,2.31,19.65,12.93,13.11,25.14,42.15,6.83,1.92,-5.53,0.69
C028,Solstice Pharma,Declining,2021-Q4,12,76.55,49.69,24.24,1.12,6.35,21.15,8.13,10.08,25.14,42.15,3.14,6.32,-2.01,-0.27
C028,Solstice Pharma,Declining,2022-Q1,13,78.26,52.4,24.57,0.11,9.33,19.88,11.41,13.11,25.14,42.15,5.21,5.8,-4.61,1.8
C028,Solstice Pharma,Declining,2022-Q2,14,80.12,53.27,25.1,0.46,9.32,17.04,12.48,11.52,25.14,42.15,5.09,4.44,-4.79,0.34
C028,Solstice Pharma,Declining,2022-Q3,15,72.76,48.19,22.92,0.39,8.56,20.0,11.22,12.39,25.14,42.15,3.62,0.37,-2.81,1.68
C028,Solstice Pharma,Declining,2022-Q4,16,64.76,43.39,20.73,-0.49,6.19,14.92,8.37,9.85,25.14,42.15,2.69,-0.06,-1.27,-1.04
C028,Solstice Pharma,Declining,2023-Q1,17,66.11,44.46,20.94,-0.42,7.84,17.63,10.72,9.54,25.14,42.15,2.77,2.82,-2.49,1.32
C028,Solstice Pharma,Declining,2023-Q2,18,67.43,45.06,21.17,0.06,7.07,16.03,9.16,8.11,25.14,42.15,3.4,1.04,-3.02,1.22
C028,Solstice Pharma,Declining,2023-Q3,19,59.85,39.57,19.17,-0.04,9.85,13.41,6.25,8.53,25.14,42.15,4.04,3.75,-2.82,1.84
C028,Solstice Pharma,Declining,2023-Q4,20,53.34,35.67,16.91,-0.39,8.39,13.3,5.49,9.93,25.14,42.15,2.54,0.95,-1.54,-0.86
C028,Solstice Pharma,Declining,2024-Q1,21,57.71,38.07,18.47,0.03,8.22,13.07,7.42,8.9,25.14,42.15,4.57,3.23,-3.98,0.58
C028,Solstice Pharma,Declining,2024-Q2,22,62.19,40.54,19.98,0.4,6.61,14.82,9.04,7.38,25.14,42.15,4.0,1.03,-2.68,0.05
C028,Solstice Pharma,Declining,2024-Q3,23,56.65,37.44,17.62,0.35,8.04,15.88,6.54,10.11,25.14,42.15,4.94,4.92,-4.16,0.66
C028,Solstice Pharma,Declining,2024-Q4,24,52.7,35.23,16.4,-0.06,5.56,13.71,5.41,8.09,25.14,42.15,2.59,-0.16,-2.04,-0.27
C029,Prism Gaming,Highly Leveraged,2019-Q1,1,160.09,97.13,41.96,13.49,23.49,39.77,20.87,17.66,57.31,124.54,11.36,19.45,-10.89,-3.68
C029,Prism Gaming,Highly Leveraged,2019-Q2,2,177.84,105.03,47.53,16.71,28.42,47.83,17.09,22.65,57.31,124.54,14.54,22.97,-14.48,-3.56
C029,Prism Gaming,Highly Leveraged,2019-Q3,3,162.44,95.83,41.88,16.28,34.03,36.46,22.82,21.24,57.31,124.54,13.96,22.63,-13.34,-3.68
C029,Prism Gaming,Highly Leveraged,2019-Q4,4,157.59,94.68,42.09,13.36,37.73,44.2,14.83,23.6,57.31,124.54,13.45,18.84,-13.27,-1.87
C029,Prism Gaming,Highly Leveraged,2020-Q1,5,168.42,101.04,43.5,15.65,43.99,38.37,18.44,27.74,57.31,124.54,10.62,19.57,-9.61,-3.7
C029,Prism Gaming,Highly Leveraged,2020-Q2,6,185.77,111.47,49.28,16.5,46.77,53.26,23.7,27.52,57.31,124.54,16.22,20.17,-16.02,-1.38
C029,Prism Gaming,Highly Leveraged,2020-Q3,7,178.35,108.02,47.34,14.98,61.74,39.58,20.99,26.12,57.31,124.54,8.06,22.28,-6.62,-0.69
C029,Prism Gaming,Highly Leveraged,2020-Q4,8,169.02,100.54,44.99,15.36,68.88,42.56,19.72,21.26,57.31,124.54,12.93,21.24,-12.31,-1.79
C029,Prism Gaming,Highly Leveraged,2021-Q1,9,187.65,110.64,50.02,17.98,75.81,46.13,19.5,22.59,57.31,124.54,15.83,23.88,-15.26,-1.7
C029,Prism Gaming,Highly Leveraged,2021-Q2,10,207.24,122.41,54.41,20.55,90.84,62.0,27.79,24.61,57.31,124.54,10.71,27.09,-10.1,-1.96
C029,Prism Gaming,Highly Leveraged,2021-Q3,11,193.49,118.13,51.03,15.99,97.93,46.05,23.65,28.41,57.31,124.54,12.45,22.47,-11.69,-3.69
C029,Prism Gaming,Highly Leveraged,2021-Q4,12,187.93,114.24,49.47,15.91,109.36,40.05,25.89,31.21,57.31,124.54,10.98,24.53,-10.78,-2.31
C029,Prism Gaming,Highly Leveraged,2022-Q1,13,198.76,118.88,51.99,18.66,117.72,55.55,23.26,23.43,57.31,124.54,13.01,23.5,-12.79,-2.35
C029,Prism Gaming,Highly Leveraged,2022-Q2,14,208.44,125.47,55.25,18.53,130.9,61.23,30.27,34.46,57.31,124.54,9.71,23.63,-9.26,-1.2
C029,Prism Gaming,Highly Leveraged,2022-Q3,15,197.94,118.57,51.07,18.97,138.04,50.35,21.8,26.96,57.31,124.54,16.52,25.78,-15.52,-3.11
C029,Prism Gaming,Highly Leveraged,2022-Q4,16,188.06,114.35,50.22,15.36,140.54,39.87,23.24,23.84,57.31,124.54,13.81,18.67,-12.51,-3.65
C029,Prism Gaming,Highly Leveraged,2023-Q1,17,204.54,124.83,53.24,17.58,151.41,59.4,22.73,29.37,57.31,124.54,8.63,21.28,-7.55,-2.86
C029,Prism Gaming,Highly Leveraged,2023-Q2,18,221.38,131.61,57.46,21.97,164.0,59.11,19.75,34.3,57.31,124.54,10.97,26.34,-10.4,-3.36
C029,Prism Gaming,Highly Leveraged,2023-Q3,19,202.68,123.94,53.56,16.62,175.86,41.01,23.92,33.15,57.31,124.54,9.07,21.86,-7.93,-2.07
C029,Prism Gaming,Highly Leveraged,2023-Q4,20,186.38,112.21,48.1,17.29,186.04,39.9,23.82,22.53,57.31,124.54,12.53,23.09,-12.11,-0.8
C029,Prism Gaming,Highly Leveraged,2024-Q1,21,203.47,120.1,52.63,20.8,195.99,50.72,19.94,33.37,57.31,124.54,13.1,25.07,-12.55,-2.56
C029,Prism Gaming,Highly Leveraged,2024-Q2,22,223.04,131.92,58.45,22.24,207.79,50.74,31.5,24.28,57.31,124.54,18.21,31.74,-17.77,-2.18
C029,Prism Gaming,Highly Leveraged,2024-Q3,23,200.81,119.9,51.85,19.53,213.21,60.03,18.46,29.43,57.31,124.54,17.56,25.41,-17.19,-2.8
C029,Prism Gaming,Highly Leveraged,2024-Q4,24,192.39,115.42,50.97,17.24,225.61,39.79,19.55,23.25,57.31,124.54,9.51,24.78,-8.65,-3.72
C030,Cascade Beverage,Highly Leveraged,2019-Q1,1,194.09,118.89,53.09,14.89,20.5,52.28,23.65,27.49,36.74,101.48,12.18,19.87,-11.47,-1.41
C030,Cascade Beverage,Highly Leveraged,2019-Q2,2,224.62,137.57,61.27,17.64,26.59,45.87,27.46,32.25,36.74,101.48,17.53,23.0,-16.05,-0.86
C030,Cascade Beverage,Highly Leveraged,2019-Q3,3,219.89,133.42,60.28,17.94,33.73,55.87,31.35,30.42,36.74,101.48,14.22,24.42,-13.35,-3.94
C030,Cascade Beverage,Highly Leveraged,2019-Q4,4,211.18,129.14,58.41,16.03,43.21,55.61,20.66,31.05,36.74,101.48,9.28,20.77,-8.49,-2.79
C030,Cascade Beverage,Highly Leveraged,2020-Q1,5,225.65,135.43,61.17,20.09,57.1,67.4,27.91,33.69,36.74,101.48,10.09,26.39,-8.63,-3.87
C030,Cascade Beverage,Highly Leveraged,2020-Q2,6,247.35,148.41,68.35,21.25,73.2,50.08,34.29,34.68,36.74,101.48,10.66,28.12,-10.41,-1.61
C030,Cascade Beverage,Highly Leveraged,2020-Q3,7,232.36,137.42,64.31,21.29,80.4,59.77,26.17,29.73,36.74,101.48,17.07,27.3,-15.62,-4.49
C030,Cascade Beverage,Highly Leveraged,2020-Q4,8,230.09,139.02,63.01,19.36,88.05,56.3,24.39,36.49,36.74,101.48,15.46,26.83,-15.0,-4.18
C030,Cascade Beverage,Highly Leveraged,2021-Q1,9,253.63,150.79,70.19,22.79,104.75,60.63,28.89,34.22,36.74,101.48,11.42,30.42,-10.96,-2.76
C030,Cascade Beverage,Highly Leveraged,2021-Q2,10,272.81,165.28,74.29,23.24,106.64,67.11,27.99,33.23,36.74,101.48,23.14,29.29,-22.83,-4.58
C030,Cascade Beverage,Highly Leveraged,2021-Q3,11,259.74,157.2,70.13,22.62,118.89,55.43,33.71,33.63,36.74,101.48,17.63,32.28,-17.25,-2.79
C030,Cascade Beverage,Highly Leveraged,2021-Q4,12,248.37,147.19,68.32,22.96,127.02,60.53,26.02,35.38,36.74,101.48,22.34,33.38,-21.43,-3.82
C030,Cascade Beverage,Highly Leveraged,2022-Q1,13,266.0,159.96,72.67,23.33,134.54,77.51,29.89,34.77,36.74,101.48,21.77,31.35,-20.79,-3.04
C030,Cascade Beverage,Highly Leveraged,2022-Q2,14,283.03,169.21,78.73,24.63,145.0,57.69,40.12,39.14,36.74,101.48,18.36,33.46,-17.36,-5.64
C030,Cascade Beverage,Highly Leveraged,2022-Q3,15,273.5,163.57,74.03,25.23,161.55,66.72,32.65,36.05,36.74,101.48,16.7,35.18,-15.25,-3.39
C030,Cascade Beverage,Highly Leveraged,2022-Q4,16,272.68,166.13,73.72,22.93,181.58,65.37,30.52,39.36,36.74,101.48,11.98,33.94,-11.87,-2.04
C030,Cascade Beverage,Highly Leveraged,2023-Q1,17,304.07,183.32,84.63,25.4,198.45,64.62,29.88,43.21,36.74,101.48,18.47,38.23,-17.98,-3.38
C030,Cascade Beverage,Highly Leveraged,2023-Q2,18,320.99,196.51,89.35,24.65,204.16,96.15,29.92,37.59,36.74,101.48,26.01,36.03,-25.58,-4.74
C030,Cascade Beverage,Highly Leveraged,2023-Q3,19,312.49,188.52,86.61,26.32,213.43,73.59,39.83,44.97,36.74,101.48,22.51,37.0,-22.12,-5.61
C030,Cascade Beverage,Highly Leveraged,2023-Q4,20,281.82,167.03,76.55,26.99,231.25,70.46,39.09,41.78,36.74,101.48,16.22,37.91,-15.61,-4.47
C030,Cascade Beverage,Highly Leveraged,2024-Q1,21,309.68,183.9,83.52,30.01,242.23,86.08,32.23,48.36,36.74,101.48,27.03,41.25,-26.42,-3.85
C030,Cascade Beverage,Highly Leveraged,2024-Q2,22,337.98,203.13,93.32,29.46,253.19,82.79,34.3,46.88,36.74,101.48,27.22,40.83,-26.11,-3.76
C030,Cascade Beverage,Highly Leveraged,2024-Q3,23,331.28,199.38,92.42,27.91,265.3,96.73,31.01,52.25,36.74,101.48,19.33,36.23,-18.52,-5.59
C030,Cascade Beverage,Highly Leveraged,2024-Q4,24,314.85,191.36,84.78,27.34,278.1,68.28,39.82,48.12,36.74,101.48,23.7,40.02,-22.69,-4.52
C031,Novus Microelectronics,Highly Leveraged,2019-Q1,1,102.87,63.06,30.11,5.0,21.26,30.76,10.78,11.42,60.57,121.75,5.56,11.6,-4.56,-2.04
C031,Novus Microelectronics,Highly Leveraged,2019-Q2,2,112.86,68.32,34.09,5.56,23.97,26.19,14.83,13.58,60.57,121.75,6.41,10.39,-6.1,-1.58
C031,Novus Microelectronics,Highly Leveraged,2019-Q3,3,103.21,62.15,30.46,5.67,28.56,28.32,15.36,13.91,60.57,121.75,7.05,11.49,-6.81,-0.09
C031,Novus Microelectronics,Highly Leveraged,2019-Q4,4,96.53,58.28,28.87,4.76,31.56,27.89,11.31,15.74,60.57,121.75,6.22,9.72,-5.31,-1.41
C031,Novus Microelectronics,Highly Leveraged,2020-Q1,5,103.62,62.84,30.26,5.62,35.09,20.97,12.25,13.4,60.57,121.75,5.51,8.88,-5.26,-0.09
C031,Novus Microelectronics,Highly Leveraged,2020-Q2,6,110.24,66.57,32.38,6.2,39.55,25.57,13.92,12.46,60.57,121.75,4.81,7.97,-3.6,0.08
C031,Novus Microelectronics,Highly Leveraged,2020-Q3,7,107.88,65.54,32.04,5.45,42.32,28.5,10.08,15.87,60.57,121.75,7.01,10.96,-6.48,-1.71
C031,Novus Microelectronics,Highly Leveraged,2020-Q4,8,105.61,64.09,31.64,5.13,42.82,30.32,11.81,16.47,60.57,121.75,8.89,9.3,-8.09,-0.7
C031,Novus Microelectronics,Highly Leveraged,2021-Q1,9,118.93,73.1,34.75,6.03,46.39,24.42,17.82,17.03,60.57,121.75,7.63,10.89,-7.49,0.17
C031,Novus Microelectronics,Highly Leveraged,2021-Q2,10,129.45,78.89,38.19,7.0,55.01,29.85,18.44,14.77,60.57,121.75,6.84,13.87,-5.95,0.69
C031,Novus Microelectronics,Highly Leveraged,2021-Q3,11,120.58,73.31,35.62,6.45,56.87,27.46,18.3,18.7,60.57,121.75,6.97,11.6,-6.89,-2.84
C031,Novus Microelectronics,Highly Leveraged,2021-Q4,12,120.65,72.97,36.24,6.31,58.48,30.61,17.08,13.38,60.57,121.75,6.26,9.86,-5.59,-2.66
C031,Novus Microelectronics,Highly Leveraged,2022-Q1,13,129.43,79.62,38.56,6.16,64.52,37.93,11.99,20.29,60.57,121.75,6.08,13.2,-5.94,-1.23
C031,Novus Microelectronics,Highly Leveraged,2022-Q2,14,142.07,87.22,42.3,7.13,73.83,35.91,14.31,15.71,60.57,121.75,6.3,14.07,-5.35,0.59
C031,Novus Microelectronics,Highly Leveraged,2022-Q3,15,138.2,81.99,41.25,8.94,77.71,29.91,18.33,17.23,60.57,121.75,9.67,13.67,-9.41,-0.37
C031,Novus Microelectronics,Highly Leveraged,2022-Q4,16,127.23,76.17,38.07,7.47,81.68,27.46,16.67,14.69,60.57,121.75,6.66,11.59,-5.54,-2.07
C031,Novus Microelectronics,Highly Leveraged,2023-Q1,17,138.91,82.44,41.11,9.24,86.01,37.69,17.8,19.99,60.57,121.75,8.18,12.87,-8.03,-0.51
C031,Novus Microelectronics,Highly Leveraged,2023-Q2,18,143.62,86.68,43.05,8.14,89.85,32.3,15.82,18.5,60.57,121.75,8.19,10.46,-6.99,0.37
C031,Novus Microelectronics,Highly Leveraged,2023-Q3,19,125.66,74.41,37.92,7.72,89.54,25.3,18.19,17.03,60.57,121.75,10.83,11.32,-10.8,-0.83
C031,Novus Microelectronics,Highly Leveraged,2023-Q4,20,123.7,74.79,36.36,7.13,85.41,30.04,16.1,18.9,60.57,121.75,10.74,8.5,-10.5,-2.14
C031,Novus Microelectronics,Highly Leveraged,2024-Q1,21,130.39,77.45,39.1,8.1,89.63,37.22,13.61,14.1,60.57,121.75,5.58,11.13,-5.43,-1.49
C031,Novus Microelectronics,Highly Leveraged,2024-Q2,22,138.5,82.68,41.2,8.69,94.59,31.21,20.18,22.37,60.57,121.75,7.99,14.04,-7.42,-1.66
C031,Novus Microelectronics,Highly Leveraged,2024-Q3,23,130.86,80.09,39.59,6.1,96.6,30.57,16.5,15.18,60.57,121.75,7.94,9.06,-7.63,0.59
C031,Novus Microelectronics,Highly Leveraged,2024-Q4,24,130.85,77.88,38.83,8.33,100.53,34.09,17.07,17.0,60.57,121.75,8.95,15.2,-8.29,-2.98
C032,Valence Metals,Highly Leveraged,2019-Q1,1,155.1,95.94,47.42,7.31,18.95,38.71,18.43,21.21,39.15,81.09,7.26,11.39,-6.97,-2.87
C032,Valence Metals,Highly Leveraged,2019-Q2,2,163.44,98.73,49.39,9.99,20.74,42.94,17.93,27.38,39.15,81.09,9.36,14.08,-8.83,-3.46
C032,Valence Metals,Highly Leveraged,2019-Q3,3,168.86,103.88,51.82,8.37,22.17,44.7,16.05,19.26,39.15,81.09,11.39,14.33,-10.06,-2.84
C032,Valence Metals,Highly Leveraged,2019-Q4,4,171.81,106.41,52.35,8.29,23.18,41.13,19.33,23.41,39.15,81.09,11.2,12.48,-10.0,-1.48
C032,Valence Metals,Highly Leveraged,2020-Q1,5,194.18,119.71,59.83,9.48,25.74,43.84,28.55,28.46,39.15,81.09,10.38,14.98,-9.18,-3.25
C032,Valence Metals,Highly Leveraged,2020-Q2,6,211.07,131.6,64.1,10.03,30.44,59.02,24.94,30.17,39.15,81.09,12.8,20.0,-11.99,-3.31
C032,Valence Metals,Highly Leveraged,2020-Q3,7,199.87,120.32,61.39,12.12,30.0,52.92,26.62,23.81,39.15,81.09,17.39,16.96,-17.0,-0.4
C032,Valence Metals,Highly Leveraged,2020-Q4,8,194.87,120.89,60.72,8.45,32.84,42.26,28.07,31.06,39.15,81.09,11.08,16.31,-10.69,-2.78
C032,Valence Metals,Highly Leveraged,2021-Q1,9,229.19,139.35,70.58,12.95,37.47,54.17,29.84,37.64,39.15,81.09,13.54,19.4,-13.33,-1.44
C032,Valence Metals,Highly Leveraged,2021-Q2,10,251.56,155.23,78.88,11.59,48.09,57.33,38.03,28.92,39.15,81.09,10.78,21.67,-9.44,-1.62
C032,Valence Metals,Highly Leveraged,2021-Q3,11,250.48,151.01,75.78,16.26,52.45,72.11,27.41,29.13,39.15,81.09,17.51,25.16,-17.47,-3.34
C032,Valence Metals,Highly Leveraged,2021-Q4,12,245.16,147.1,75.33,15.55,51.15,70.98,36.52,35.85,39.15,81.09,20.91,22.55,-20.14,-3.72
C032,Valence Metals,Highly Leveraged,2022-Q1,13,268.58,165.75,83.48,13.01,56.22,59.1,28.36,41.24,39.15,81.09,16.63,21.35,-15.46,-0.82
C032,Valence Metals,Highly Leveraged,2022-Q2,14,293.8,179.31,91.62,15.65,62.06,83.4,38.64,36.37,39.15,81.09,16.38,25.29,-16.2,-3.26
C032,Valence Metals,Highly Leveraged,2022-Q3,15,282.65,175.65,85.75,14.44,69.39,76.89,38.42,33.3,39.15,81.09,19.34,27.26,-18.79,-1.14
C032,Valence Metals,Highly Leveraged,2022-Q4,16,261.23,158.18,81.15,14.93,81.4,53.28,37.0,35.56,39.15,81.09,13.34,25.48,-12.32,-1.15
C032,Valence Metals,Highly Leveraged,2023-Q1,17,304.62,185.94,95.38,15.98,92.11,76.09,43.54,48.37,39.15,81.09,15.69,26.89,-15.08,-1.09
C032,Valence Metals,Highly Leveraged,2023-Q2,18,326.3,197.35,100.68,19.71,104.17,91.56,36.58,48.2,39.15,81.09,14.84,30.26,-13.64,-4.56
C032,Valence Metals,Highly Leveraged,2023-Q3,19,322.35,195.89,101.24,17.41,113.17,96.05,34.64,36.06,39.15,81.09,20.16,30.79,-20.01,-1.78
C032,Valence Metals,Highly Leveraged,2023-Q4,20,306.97,184.18,96.02,18.58,121.12,65.65,29.97,36.39,39.15,81.09,22.92,32.86,-21.72,-3.2
C032,Valence Metals,Highly Leveraged,2024-Q1,21,323.73,197.79,100.0,17.96,117.77,85.2,34.75,54.37,39.15,81.09,28.58,27.97,-28.56,-2.77
C032,Valence Metals,Highly Leveraged,2024-Q2,22,344.79,209.42,106.07,20.48,123.93,88.63,40.54,46.38,39.15,81.09,25.62,34.6,-24.37,-4.07
C032,Valence Metals,Highly Leveraged,2024-Q3,23,347.44,211.33,107.04,20.3,128.69,80.39,34.7,42.56,39.15,81.09,25.76,30.78,-24.77,-1.24
C032,Valence Metals,Highly Leveraged,2024-Q4,24,352.73,217.66,106.78,19.72,129.88,101.74,51.43,48.83,39.15,81.09,31.32,33.05,-30.53,-1.34
C033,Infinitum Supply Chain,Highly Leveraged,2019-Q1,1,105.68,62.77,31.05,6.61,26.43,29.28,12.55,13.21,69.59,111.11,7.73,13.17,-7.12,-1.87
C033,Infinitum Supply Chain,Highly Leveraged,2019-Q2,2,115.05,68.98,33.13,7.41,32.31,24.99,14.0,14.42,69.59,111.11,5.28,12.16,-4.3,-1.98
C033,Infinitum Supply Chain,Highly Leveraged,2019-Q3,3,112.44,67.09,33.33,6.72,31.45,26.69,14.63,12.5,69.59,111.11,9.92,10.1,-9.11,-1.86
C033,Infinitum Supply Chain,Highly Leveraged,2019-Q4,4,104.91,61.38,30.77,7.28,33.34,27.75,11.5,16.89,69.59,111.11,5.79,8.1,-4.41,-1.81
C033,Infinitum Supply Chain,Highly Leveraged,2020-Q1,5,113.92,68.55,32.62,7.27,39.69,33.53,15.73,13.58,69.59,111.11,6.75,12.45,-6.15,0.04
C033,Infinitum Supply Chain,Highly Leveraged,2020-Q2,6,116.45,70.46,33.37,7.17,44.78,28.19,13.96,15.33,69.59,111.11,4.96,10.35,-3.93,-1.33
C033,Infinitum Supply Chain,Highly Leveraged,2020-Q3,7,113.08,67.99,32.88,6.86,42.76,25.99,14.54,14.2,69.59,111.11,8.65,9.22,-8.59,-2.65
C033,Infinitum Supply Chain,Highly Leveraged,2020-Q4,8,106.17,61.83,30.46,8.12,47.17,21.97,15.43,12.91,69.59,111.11,5.53,9.67,-4.12,-1.14
C033,Infinitum Supply Chain,Highly Leveraged,2021-Q1,9,117.57,69.55,33.98,8.23,52.03,25.95,13.06,14.72,69.59,111.11,6.4,13.38,-5.54,-2.97
C033,Infinitum Supply Chain,Highly Leveraged,2021-Q2,10,125.12,73.41,36.27,9.29,56.32,36.75,13.78,18.09,69.59,111.11,5.8,12.17,-5.71,-2.17
C033,Infinitum Supply Chain,Highly Leveraged,2021-Q3,11,118.51,71.14,33.81,7.88,62.23,30.31,13.37,16.41,69.59,111.11,6.6,12.31,-6.15,-0.25
C033,Infinitum Supply Chain,Highly Leveraged,2021-Q4,12,111.8,67.4,32.12,6.91,66.33,23.45,16.16,14.49,69.59,111.11,6.48,11.07,-6.29,-0.68
C033,Infinitum Supply Chain,Highly Leveraged,2022-Q1,13,115.46,68.46,33.99,7.46,68.32,29.91,10.93,16.07,69.59,111.11,9.19,12.76,-8.25,-2.51
C033,Infinitum Supply Chain,Highly Leveraged,2022-Q2,14,124.53,74.6,36.49,7.79,76.55,25.21,14.26,15.91,69.59,111.11,6.33,13.18,-5.44,0.48
C033,Infinitum Supply Chain,Highly Leveraged,2022-Q3,15,114.63,69.08,33.02,7.11,77.65,34.17,14.6,17.92,69.59,111.11,5.64,8.58,-4.5,-2.98
C033,Infinitum Supply Chain,Highly Leveraged,2022-Q4,16,115.02,69.19,32.81,7.46,80.98,30.56,12.91,16.69,69.59,111.11,6.57,12.58,-6.41,-2.84
C033,Infinitum Supply Chain,Highly Leveraged,2023-Q1,17,126.21,75.71,36.73,8.04,80.65,30.57,14.37,13.83,69.59,111.11,11.21,11.46,-9.9,-1.89
C033,Infinitum Supply Chain,Highly Leveraged,2023-Q2,18,145.83,86.94,43.02,9.61,80.47,35.6,13.2,16.3,69.59,111.11,12.9,14.84,-11.86,-3.16
C033,Infinitum Supply Chain,Highly Leveraged,2023-Q3,19,141.86,85.43,41.47,8.93,87.18,37.51,13.06,22.45,69.59,111.11,7.51,15.64,-6.45,-2.48
C033,Infinitum Supply Chain,Highly Leveraged,2023-Q4,20,132.55,77.3,38.1,10.57,90.85,28.88,14.21,17.15,69.59,111.11,8.46,15.19,-8.06,-3.47
C033,Infinitum Supply Chain,Highly Leveraged,2024-Q1,21,136.39,80.37,40.26,9.52,91.43,37.46,18.95,18.44,69.59,111.11,10.2,12.14,-9.89,-1.66
C033,Infinitum Supply Chain,Highly Leveraged,2024-Q2,22,153.36,89.52,45.2,11.69,96.87,32.6,21.51,23.85,69.59,111.11,11.84,16.9,-10.91,-0.54
C033,Infinitum Supply Chain,Highly Leveraged,2024-Q3,23,152.84,90.66,45.25,10.4,102.86,38.0,17.79,23.44,69.59,111.11,10.35,17.76,-10.08,-1.69
C033,Infinitum Supply Chain,Highly Leveraged,2024-Q4,24,144.19,87.27,42.37,8.62,105.89,40.53,13.38,19.79,69.59,111.11,11.75,14.59,-11.68,0.12
C034,Aegis Security,Highly Leveraged,2019-Q1,1,155.66,89.59,41.91,16.53,26.54,39.18,20.28,20.13,36.81,92.68,11.04,23.3,-10.87,-3.85
C034,Aegis Security,Highly Leveraged,2019-Q2,2,168.52,97.78,45.27,17.5,36.78,46.23,20.35,21.4,36.81,92.68,8.65,20.96,-7.79,-2.93
C034,Aegis Security,Highly Leveraged,2019-Q3,3,155.04,90.78,42.41,14.79,43.19,35.01,18.08,25.2,36.81,92.68,10.81,18.88,-10.68,-1.8
C034,Aegis Security,Highly Leveraged,2019-Q4,4,148.03,84.7,40.66,15.41,55.56,40.2,19.38,21.21,36.81,92.68,9.25,20.82,-7.96,-0.48
C034,Aegis Security,Highly Leveraged,2020-Q1,5,163.3,95.31,44.12,16.31,62.84,40.08,16.29,17.19,36.81,92.68,10.69,20.05,-10.12,-2.65
C034,Aegis Security,Highly Leveraged,2020-Q2,6,175.5,104.06,47.06,16.7,72.04,43.04,17.0,19.23,36.81,92.68,12.03,24.0,-10.89,-3.91
C034,Aegis Security,Highly Leveraged,2020-Q3,7,160.09,92.12,42.34,17.63,85.15,34.1,16.67,17.66,36.81,92.68,8.87,25.63,-8.68,-3.85
C034,Aegis Security,Highly Leveraged,2020-Q4,8,154.65,90.28,40.99,15.94,97.57,44.27,22.22,18.48,36.81,92.68,6.36,20.56,-5.4,-2.74
C034,Aegis Security,Highly Leveraged,2021-Q1,9,162.6,95.17,43.71,16.19,113.15,35.44,20.83,22.51,36.81,92.68,7.46,23.59,-6.28,-1.73
C034,Aegis Security,Highly Leveraged,2021-Q2,10,171.3,98.11,46.57,18.37,125.84,41.82,23.99,19.05,36.81,92.68,10.12,24.81,-8.69,-3.44
C034,Aegis Security,Highly Leveraged,2021-Q3,11,167.9,99.61,44.84,15.99,133.54,40.91,20.12,20.87,36.81,92.68,8.56,18.47,-8.14,-2.62
C034,Aegis Security,Highly Leveraged,2021-Q4,12,157.04,90.15,42.99,16.33,138.71,42.48,14.29,22.09,36.81,92.68,13.79,22.41,-13.79,-3.46
C034,Aegis Security,Highly Leveraged,2022-Q1,13,174.08,99.61,46.98,19.02,147.43,38.85,16.75,26.0,36.81,92.68,11.04,22.47,-9.63,-4.11
C034,Aegis Security,Highly Leveraged,2022-Q2,14,191.4,113.47,52.65,17.37,159.75,48.92,18.95,24.01,36.81,92.68,10.62,23.23,-10.2,-0.72
C034,Aegis Security,Highly Leveraged,2022-Q3,15,185.65,105.84,50.27,20.56,170.44,54.13,18.92,21.01,36.81,92.68,14.04,27.5,-13.01,-3.81
C034,Aegis Security,Highly Leveraged,2022-Q4,16,173.27,99.79,47.59,17.82,180.34,50.65,19.53,26.41,36.81,92.68,10.61,23.24,-10.37,-2.97
C034,Aegis Security,Highly Leveraged,2023-Q1,17,184.61,107.15,50.36,18.73,188.23,49.48,22.88,29.03,36.81,92.68,12.53,21.88,-11.35,-2.64
C034,Aegis Security,Highly Leveraged,2023-Q2,18,198.61,114.72,52.79,21.73,200.75,57.35,22.61,30.72,36.81,92.68,14.64,28.58,-13.43,-2.62
C034,Aegis Security,Highly Leveraged,2023-Q3,19,191.85,112.96,51.49,18.96,206.95,45.82,18.02,30.66,36.81,92.68,13.89,22.68,-13.27,-3.22
C034,Aegis Security,Highly Leveraged,2023-Q4,20,169.37,99.23,44.89,17.34,213.23,43.93,22.55,26.08,36.81,92.68,14.37,20.75,-13.39,-1.07
C034,Aegis Security,Highly Leveraged,2024-Q1,21,198.56,117.44,54.41,18.43,225.81,48.61,20.84,25.76,36.81,92.68,10.79,24.29,-10.39,-1.32
C034,Aegis Security,Highly Leveraged,2024-Q2,22,206.92,118.3,56.21,22.71,234.47,44.96,21.82,22.02,36.81,92.68,16.23,28.08,-14.9,-4.52
C034,Aegis Security,Highly Leveraged,2024-Q3,23,186.56,110.15,50.85,17.58,243.67,46.88,23.91,29.16,36.81,92.68,11.22,20.73,-9.86,-1.68
C034,Aegis Security,Highly Leveraged,2024-Q4,24,165.26,96.3,44.63,16.65,250.09,38.8,19.46,23.65,36.81,92.68,12.51,21.52,-11.22,-3.88
C035,Terra CleanTech,Cash-Rich,2019-Q1,1,135.18,57.63,27.19,37.66,181.4,28.36,8.73,11.3,4.39,4.18,6.62,43.9,-5.87,-4.26
C035,Terra CleanTech,Cash-Rich,2019-Q2,2,147.76,60.69,29.3,43.21,210.35,33.64,14.34,12.64,4.39,4.18,10.89,47.85,-10.56,-8.34
C035,Terra CleanTech,Cash-Rich,2019-Q3,3,138.5,58.71,27.68,38.97,239.74,34.03,12.37,14.12,4.39,4.18,8.48,44.25,-8.07,-6.79
C035,Terra CleanTech,Cash-Rich,2019-Q4,4,132.97,55.76,26.21,38.14,266.49,32.45,8.87,14.04,4.39,4.18,6.63,39.56,-6.01,-6.81
C035,Terra CleanTech,Cash-Rich,2020-Q1,5,139.71,58.38,27.63,40.16,295.12,30.78,9.67,15.65,4.39,4.18,8.47,43.07,-8.41,-6.03
C035,Terra CleanTech,Cash-Rich,2020-Q2,6,159.62,66.98,31.6,45.66,325.84,43.21,11.24,13.75,4.39,4.18,13.94,51.32,-13.74,-6.86
C035,Terra CleanTech,Cash-Rich,2020-Q3,7,153.04,64.62,30.27,43.5,354.59,32.81,9.75,16.85,4.39,4.18,10.76,45.19,-10.26,-6.18
C035,Terra CleanTech,Cash-Rich,2020-Q4,8,148.11,61.56,28.77,43.22,387.95,32.92,10.39,13.72,4.39,4.18,7.88,47.62,-7.86,-6.41
C035,Terra CleanTech,Cash-Rich,2021-Q1,9,166.32,69.89,32.81,47.6,423.07,42.8,16.97,18.37,4.39,4.18,8.63,50.47,-8.23,-7.12
C035,Terra CleanTech,Cash-Rich,2021-Q2,10,184.28,77.92,36.4,52.36,459.38,38.1,17.33,20.31,4.39,4.18,13.49,55.46,-12.85,-6.3
C035,Terra CleanTech,Cash-Rich,2021-Q3,11,181.65,76.65,36.43,51.32,497.1,45.34,13.9,19.57,4.39,4.18,10.8,54.01,-9.5,-6.8
C035,Terra CleanTech,Cash-Rich,2021-Q4,12,184.16,76.82,35.96,53.43,538.83,43.39,13.71,15.18,4.39,4.18,9.69,59.2,-9.01,-8.47
C035,Terra CleanTech,Cash-Rich,2022-Q1,13,203.92,83.95,39.61,60.15,586.38,52.83,17.63,18.63,4.39,4.18,8.71,64.49,-7.93,-9.0
C035,Terra CleanTech,Cash-Rich,2022-Q2,14,226.64,93.58,44.05,66.65,636.68,48.13,14.98,22.55,4.39,4.18,11.92,70.12,-11.65,-8.17
C035,Terra CleanTech,Cash-Rich,2022-Q3,15,220.21,91.58,42.98,64.12,679.24,54.87,13.92,22.63,4.39,4.18,18.7,69.42,-18.46,-8.4
C035,Terra CleanTech,Cash-Rich,2022-Q4,16,219.1,92.82,42.63,62.63,723.72,52.55,15.5,19.07,4.39,4.18,14.86,66.32,-14.24,-7.6
C035,Terra CleanTech,Cash-Rich,2023-Q1,17,248.06,103.21,48.29,72.31,777.28,70.89,18.67,25.38,4.39,4.18,15.77,78.5,-15.03,-9.92
C035,Terra CleanTech,Cash-Rich,2023-Q2,18,268.34,110.51,53.35,78.24,834.04,77.71,17.22,21.45,4.39,4.18,16.6,85.95,-16.0,-13.19
C035,Terra CleanTech,Cash-Rich,2023-Q3,19,255.64,106.95,51.02,73.14,884.17,57.73,21.18,29.86,4.39,4.18,20.98,80.38,-20.36,-9.9
C035,Terra CleanTech,Cash-Rich,2023-Q4,20,250.6,103.01,48.74,74.02,935.19,55.21,19.59,27.25,4.39,4.18,18.23,78.95,-17.16,-10.76
C035,Terra CleanTech,Cash-Rich,2024-Q1,21,285.91,118.97,55.53,83.45,999.6,85.57,19.36,22.28,4.39,4.18,15.75,92.38,-14.78,-13.2
C035,Terra CleanTech,Cash-Rich,2024-Q2,22,298.89,124.62,58.47,86.74,1054.44,70.03,23.81,31.41,4.39,4.18,26.06,93.83,-25.99,-13.0
C035,Terra CleanTech,Cash-Rich,2024-Q3,23,300.4,123.52,59.5,87.92,1112.43,85.72,21.52,33.06,4.39,4.18,23.02,92.17,-21.62,-12.56
C035,Terra CleanTech,Cash-Rich,2024-Q4,24,295.61,123.48,57.32,85.99,1173.64,86.32,24.33,22.59,4.39,4.18,18.95,94.01,-18.76,-14.04
C036,Core Analytics,Cash-Rich,2019-Q1,1,104.81,43.46,22.44,29.05,177.46,30.58,7.1,10.74,4.31,6.16,9.04,28.77,-8.87,-5.98
C036,Core Analytics,Cash-Rich,2019-Q2,2,109.84,44.98,23.54,30.86,199.55,24.32,9.38,10.09,4.31,6.16,6.15,30.89,-4.93,-3.87
C036,Core Analytics,Cash-Rich,2019-Q3,3,111.46,45.6,23.62,31.55,224.14,25.33,10.63,12.68,4.31,6.16,4.51,34.34,-4.3,-5.44
C036,Core Analytics,Cash-Rich,2019-Q4,4,113.1,46.77,23.95,31.65,248.23,33.29,8.72,12.69,4.31,6.16,8.8,36.21,-7.89,-4.24
C036,Core Analytics,Cash-Rich,2020-Q1,5,130.86,54.06,28.74,35.92,275.5,35.75,12.31,14.45,4.31,6.16,5.78,37.66,-5.06,-5.33
C036,Core Analytics,Cash-Rich,2020-Q2,6,151.27,63.17,32.51,41.55,303.71,38.89,12.81,11.61,4.31,6.16,12.31,46.15,-12.08,-5.86
C036,Core Analytics,Cash-Rich,2020-Q3,7,144.49,58.66,31.72,40.45,332.04,34.59,10.13,11.56,4.31,6.16,10.18,45.26,-9.22,-7.72
C036,Core Analytics,Cash-Rich,2020-Q4,8,143.55,60.1,30.78,39.36,360.87,33.21,11.79,13.16,4.31,6.16,12.41,45.24,-11.96,-4.45
C036,Core Analytics,Cash-Rich,2021-Q1,9,162.04,66.19,35.36,45.24,392.51,32.49,13.67,14.16,4.31,6.16,11.71,48.41,-10.43,-6.35
C036,Core Analytics,Cash-Rich,2021-Q2,10,172.03,71.91,36.71,47.42,426.83,43.34,14.03,13.03,4.31,6.16,12.57,52.17,-11.68,-6.17
C036,Core Analytics,Cash-Rich,2021-Q3,11,166.49,67.58,36.0,47.05,463.73,37.88,10.67,15.07,4.31,6.16,9.4,51.7,-8.32,-6.48
C036,Core Analytics,Cash-Rich,2021-Q4,12,164.45,67.33,35.78,45.86,494.1,43.56,14.39,15.85,4.31,6.16,12.3,47.23,-11.74,-5.11
C036,Core Analytics,Cash-Rich,2022-Q1,13,185.0,75.5,39.38,52.46,534.48,43.3,14.92,15.83,4.31,6.16,8.93,57.27,-7.46,-9.44
C036,Core Analytics,Cash-Rich,2022-Q2,14,212.68,89.18,46.57,57.56,578.41,53.71,19.84,19.94,4.31,6.16,12.13,63.93,-11.68,-8.32
C036,Core Analytics,Cash-Rich,2022-Q3,15,226.44,92.54,48.52,63.9,625.13,47.19,14.36,19.0,4.31,6.16,10.23,67.17,-9.01,-11.43
C036,Core Analytics,Cash-Rich,2022-Q4,16,222.5,92.3,47.49,61.9,669.71,63.89,18.32,19.43,4.31,6.16,13.15,67.7,-12.3,-10.83
C036,Core Analytics,Cash-Rich,2023-Q1,17,257.21,105.44,56.14,71.58,718.52,63.13,23.4,20.11,4.31,6.16,19.75,80.4,-19.43,-12.16
C036,Core Analytics,Cash-Rich,2023-Q2,18,277.76,113.65,60.97,77.22,773.3,62.68,22.23,20.8,4.31,6.16,19.04,83.92,-17.61,-11.52
C036,Core Analytics,Cash-Rich,2023-Q3,19,275.93,111.65,59.0,78.83,833.68,71.07,27.36,29.69,4.31,6.16,14.07,84.28,-13.77,-10.13
C036,Core Analytics,Cash-Rich,2023-Q4,20,281.82,117.8,61.37,76.85,885.06,67.43,23.61,26.67,4.31,6.16,18.39,82.73,-18.34,-13.0
C036,Core Analytics,Cash-Rich,2024-Q1,21,316.75,130.16,68.28,88.6,945.69,75.07,29.17,33.64,4.31,6.16,24.11,98.37,-23.81,-13.94
C036,Core Analytics,Cash-Rich,2024-Q2,22,356.4,146.73,76.25,99.93,1008.25,98.19,26.84,28.44,4.31,6.16,31.72,108.48,-31.38,-14.54
C036,Core Analytics,Cash-Rich,2024-Q3,23,344.62,141.99,74.83,95.72,1067.06,86.61,33.68,29.66,4.31,6.16,29.92,102.22,-29.36,-14.05
C036,Core Analytics,Cash-Rich,2024-Q4,24,338.12,141.0,72.32,93.46,1127.01,91.84,23.06,29.49,4.31,6.16,27.24,100.01,-26.91,-13.15
C037,Radiant Lighting,Cash-Rich,2019-Q1,1,193.87,79.56,40.98,54.89,156.55,57.42,15.24,19.1,2.38,6.03,16.97,61.07,-16.6,-7.25
C037,Radiant Lighting,Cash-Rich,2019-Q2,2,212.29,85.84,44.65,61.25,199.85,58.94,17.62,21.12,2.38,6.03,13.6,65.55,-12.67,-9.57
C037,Radiant Lighting,Cash-Rich,2019-Q3,3,219.9,88.53,46.41,63.62,245.69,52.93,16.9,20.75,2.38,6.03,14.26,69.45,-14.06,-9.56
C037,Radiant Lighting,Cash-Rich,2019-Q4,4,216.71,86.39,45.31,63.65,288.15,63.55,18.19,21.25,2.38,6.03,18.52,68.5,-17.56,-8.47
C037,Radiant Lighting,Cash-Rich,2020-Q1,5,243.91,99.8,52.51,68.59,329.55,52.98,17.67,20.81,2.38,6.03,20.19,73.52,-20.14,-11.98
C037,Radiant Lighting,Cash-Rich,2020-Q2,6,269.5,107.89,56.52,78.71,382.77,60.15,24.79,25.5,2.38,6.03,16.56,82.53,-15.95,-13.35
C037,Radiant Lighting,Cash-Rich,2020-Q3,7,274.97,112.07,58.9,77.9,449.9,55.0,27.5,29.3,2.38,6.03,11.21,87.39,-9.81,-10.45
C037,Radiant Lighting,Cash-Rich,2020-Q4,8,278.37,113.98,58.13,79.59,501.72,76.24,28.04,28.25,2.38,6.03,24.3,86.99,-23.63,-11.54
C037,Radiant Lighting,Cash-Rich,2021-Q1,9,316.41,125.66,67.17,92.58,563.07,85.02,28.8,29.95,2.38,6.03,27.56,103.09,-27.46,-14.28
C037,Radiant Lighting,Cash-Rich,2021-Q2,10,350.35,138.84,73.86,103.13,642.73,88.88,33.47,36.75,2.38,6.03,15.64,109.76,-14.76,-15.34
C037,Radiant Lighting,Cash-Rich,2021-Q3,11,350.43,144.0,74.1,99.15,720.8,101.29,27.13,36.53,2.38,6.03,16.17,107.9,-14.77,-15.06
C037,Radiant Lighting,Cash-Rich,2021-Q4,12,341.73,139.35,72.15,97.56,795.97,68.99,22.3,32.0,2.38,6.03,19.39,107.36,-18.35,-13.84
C037,Radiant Lighting,Cash-Rich,2022-Q1,13,379.44,155.84,80.51,107.22,866.41,92.97,26.48,32.85,2.38,6.03,27.2,114.13,-26.82,-16.87
C037,Radiant Lighting,Cash-Rich,2022-Q2,14,443.48,181.11,93.49,126.56,956.69,99.44,30.23,46.63,2.38,6.03,27.8,135.55,-27.04,-18.23
C037,Radiant Lighting,Cash-Rich,2022-Q3,15,451.98,179.28,95.16,133.05,1050.71,103.06,29.51,37.45,2.38,6.03,29.87,143.33,-28.88,-20.43
C037,Radiant Lighting,Cash-Rich,2022-Q4,16,450.62,183.65,95.03,128.85,1143.98,103.2,37.49,33.49,2.38,6.03,27.44,137.74,-26.03,-18.44
C037,Radiant Lighting,Cash-Rich,2023-Q1,17,511.45,209.28,108.15,145.42,1248.91,113.62,42.11,49.16,2.38,6.03,34.91,158.62,-33.49,-20.2
C037,Radiant Lighting,Cash-Rich,2023-Q2,18,590.9,242.31,126.94,166.13,1358.43,173.93,38.73,50.04,2.38,6.03,48.65,181.33,-47.89,-23.93
C037,Radiant Lighting,Cash-Rich,2023-Q3,19,576.11,234.91,120.65,165.31,1480.26,135.46,41.46,50.5,2.38,6.03,33.64,181.04,-32.81,-26.4
C037,Radiant Lighting,Cash-Rich,2023-Q4,20,556.6,227.61,117.53,158.48,1591.35,147.42,50.65,45.74,2.38,6.03,39.41,174.9,-38.77,-25.04
C037,Radiant Lighting,Cash-Rich,2024-Q1,21,608.3,248.8,130.14,171.92,1724.51,168.24,48.3,62.61,2.38,6.03,30.76,186.86,-29.81,-23.88
C037,Radiant Lighting,Cash-Rich,2024-Q2,22,652.88,261.77,138.37,189.45,1878.21,174.58,53.44,69.2,2.38,6.03,28.02,207.63,-26.52,-27.41
C037,Radiant Lighting,Cash-Rich,2024-Q3,23,651.07,266.78,136.06,186.07,1998.37,152.85,63.4,53.4,2.38,6.03,51.7,199.86,-50.45,-29.26
C037,Radiant Lighting,Cash-Rich,2024-Q4,24,656.6,269.03,140.42,185.26,2136.12,165.47,62.69,59.7,2.38,6.03,35.62,200.28,-34.86,-27.66
C038,Synthetix Genetics,Cash-Rich,2019-Q1,1,170.7,70.21,39.91,45.33,138.32,49.1,12.62,12.72,0.25,8.74,11.76,48.92,-11.2,-6.66
C038,Synthetix Genetics,Cash-Rich,2019-Q2,2,189.67,78.58,45.24,49.29,172.55,42.98,15.42,18.46,0.25,8.74,17.06,57.41,-16.7,-6.48
C038,Synthetix Genetics,Cash-Rich,2019-Q3,3,188.44,76.87,43.37,51.04,210.37,50.63,13.79,18.14,0.25,8.74,9.11,55.05,-8.5,-8.73
C038,Synthetix Genetics,Cash-Rich,2019-Q4,4,185.33,75.75,42.97,49.86,249.98,46.49,12.55,18.72,0.25,8.74,8.44,56.54,-7.73,-9.2
C038,Synthetix Genetics,Cash-Rich,2020-Q1,5,198.81,81.23,46.68,53.07,283.02,58.14,16.64,19.36,0.25,8.74,17.39,58.08,-16.22,-8.82
C038,Synthetix Genetics,Cash-Rich,2020-Q2,6,226.05,93.53,52.9,59.61,328.55,63.94,21.73,18.6,0.25,8.74,12.33,67.17,-11.88,-9.76
C038,Synthetix Genetics,Cash-Rich,2020-Q3,7,218.89,87.55,51.81,59.55,372.65,47.53,14.05,17.84,0.25,8.74,13.96,65.04,-13.9,-7.05
C038,Synthetix Genetics,Cash-Rich,2020-Q4,8,221.51,91.19,51.61,58.93,416.17,51.36,17.77,22.12,0.25,8.74,10.95,63.0,-9.66,-9.81
C038,Synthetix Genetics,Cash-Rich,2021-Q1,9,255.01,104.76,59.46,67.99,463.59,68.44,15.92,26.56,0.25,8.74,20.57,75.05,-19.14,-8.5
C038,Synthetix Genetics,Cash-Rich,2021-Q2,10,282.36,117.13,66.29,74.1,525.26,66.64,23.02,29.16,0.25,8.74,14.22,84.36,-12.84,-9.85
C038,Synthetix Genetics,Cash-Rich,2021-Q3,11,276.22,110.99,64.28,75.62,585.54,72.21,25.58,29.96,0.25,8.74,11.13,84.07,-10.85,-12.94
C038,Synthetix Genetics,Cash-Rich,2021-Q4,12,271.17,110.07,63.64,73.0,639.42,55.41,20.35,21.79,0.25,8.74,17.14,81.52,-16.4,-11.24
C038,Synthetix Genetics,Cash-Rich,2022-Q1,13,318.92,130.46,76.12,84.15,703.8,75.84,25.62,24.64,0.25,8.74,17.35,93.94,-17.11,-12.44
C038,Synthetix Genetics,Cash-Rich,2022-Q2,14,357.46,146.08,82.46,96.59,768.82,96.45,31.02,29.06,0.25,8.74,27.17,106.3,-26.38,-14.91
C038,Synthetix Genetics,Cash-Rich,2022-Q3,15,365.32,151.72,86.31,95.36,824.86,75.79,29.75,40.82,0.25,8.74,32.68,103.29,-31.25,-15.99
C038,Synthetix Genetics,Cash-Rich,2022-Q4,16,345.52,143.46,80.63,90.96,885.89,98.29,27.52,32.15,0.25,8.74,27.2,101.44,-27.15,-13.27
C038,Synthetix Genetics,Cash-Rich,2023-Q1,17,381.49,154.75,89.41,102.89,956.94,89.04,24.87,30.11,0.25,8.74,24.23,110.82,-22.8,-16.97
C038,Synthetix Genetics,Cash-Rich,2023-Q2,18,413.06,171.59,97.83,107.62,1032.25,108.94,36.81,45.07,0.25,8.74,26.95,117.01,-25.9,-15.8
C038,Synthetix Genetics,Cash-Rich,2023-Q3,19,414.62,168.4,96.67,112.06,1114.52,108.67,40.27,38.67,0.25,8.74,24.92,125.61,-24.77,-18.56
C038,Synthetix Genetics,Cash-Rich,2023-Q4,20,433.11,173.59,101.14,118.67,1203.33,101.23,38.5,44.14,0.25,8.74,22.11,128.12,-21.7,-17.61
C038,Synthetix Genetics,Cash-Rich,2024-Q1,21,480.56,195.0,114.08,128.51,1300.65,120.63,31.74,49.51,0.25,8.74,25.54,141.58,-24.98,-19.29
C038,Synthetix Genetics,Cash-Rich,2024-Q2,22,518.05,210.11,120.31,140.62,1412.85,124.25,31.92,54.05,0.25,8.74,21.86,153.08,-20.88,-20.0
C038,Synthetix Genetics,Cash-Rich,2024-Q3,23,514.57,207.54,121.89,138.75,1499.22,138.92,36.24,56.11,0.25,8.74,45.87,151.01,-44.58,-20.06
C038,Synthetix Genetics,Cash-Rich,2024-Q4,24,529.49,219.9,125.35,138.08,1590.06,115.98,42.71,41.15,0.25,8.74,40.81,152.46,-40.23,-21.39
C039,Velocity Mobility,Cash-Rich,2019-Q1,1,146.29,51.27,30.81,48.09,138.21,29.53,9.94,9.34,3.48,1.06,9.52,51.69,-9.03,-8.69
C039,Velocity Mobility,Cash-Rich,2019-Q2,2,168.24,59.39,35.06,55.28,177.7,46.81,12.06,14.19,3.48,1.06,9.15,57.69,-8.9,-9.29
C039,Velocity Mobility,Cash-Rich,2019-Q3,3,168.15,59.8,35.42,54.63,218.43,36.92,12.81,15.65,3.48,1.06,8.87,59.24,-8.48,-10.04
C039,Velocity Mobility,Cash-Rich,2019-Q4,4,159.64,56.19,33.37,52.5,259.33,32.69,9.66,14.08,3.48,1.06,10.02,58.2,-8.97,-8.32
C039,Velocity Mobility,Cash-Rich,2020-Q1,5,177.65,63.23,37.43,57.68,307.33,36.75,12.69,13.46,3.48,1.06,7.32,62.23,-6.85,-7.37
C039,Velocity Mobility,Cash-Rich,2020-Q2,6,192.56,68.46,39.78,63.18,351.04,44.01,12.31,14.95,3.48,1.06,17.01,69.96,-16.36,-9.9
C039,Velocity Mobility,Cash-Rich,2020-Q3,7,190.54,67.74,39.01,62.78,403.37,52.27,13.76,17.67,3.48,1.06,9.67,69.14,-8.6,-8.22
C039,Velocity Mobility,Cash-Rich,2020-Q4,8,195.34,68.87,39.9,64.86,454.29,39.12,13.44,14.82,3.48,1.06,9.65,69.98,-8.36,-10.7
C039,Velocity Mobility,Cash-Rich,2021-Q1,9,218.8,77.62,44.77,72.24,510.89,49.71,12.96,19.55,3.48,1.06,13.81,79.24,-12.74,-9.89
C039,Velocity Mobility,Cash-Rich,2021-Q2,10,234.2,81.88,49.38,77.14,570.15,66.07,13.96,16.26,3.48,1.06,10.99,80.82,-9.87,-11.69
C039,Velocity Mobility,Cash-Rich,2021-Q3,11,238.02,84.79,49.63,77.63,631.25,48.04,15.36,20.67,3.48,1.06,9.91,80.64,-8.64,-10.91
C039,Velocity Mobility,Cash-Rich,2021-Q4,12,241.73,84.95,50.41,79.71,693.94,67.5,15.35,15.6,3.48,1.06,13.84,88.36,-13.68,-11.99
C039,Velocity Mobility,Cash-Rich,2022-Q1,13,265.98,93.49,54.49,88.44,768.86,79.57,15.87,22.21,3.48,1.06,12.59,97.53,-11.14,-11.48
C039,Velocity Mobility,Cash-Rich,2022-Q2,14,303.72,109.41,62.15,99.06,834.03,80.0,24.74,30.48,3.48,1.06,23.78,104.6,-23.27,-16.16
C039,Velocity Mobility,Cash-Rich,2022-Q3,15,314.33,111.36,65.16,103.3,912.89,94.15,21.15,26.9,3.48,1.06,18.75,110.31,-17.7,-13.74
C039,Velocity Mobility,Cash-Rich,2022-Q4,16,308.84,109.75,64.61,100.8,986.02,64.52,18.78,25.27,3.48,1.06,16.26,105.67,-15.48,-17.06
C039,Velocity Mobility,Cash-Rich,2023-Q1,17,348.02,123.82,73.26,113.14,1076.19,92.06,23.71,33.81,3.48,1.06,17.4,123.64,-17.2,-16.27
C039,Velocity Mobility,Cash-Rich,2023-Q2,18,370.47,131.74,77.57,120.81,1171.72,101.46,28.0,36.71,3.48,1.06,16.91,130.31,-15.67,-19.11
C039,Velocity Mobility,Cash-Rich,2023-Q3,19,377.49,133.7,77.71,124.49,1270.99,88.82,28.56,34.11,3.48,1.06,18.84,134.89,-18.1,-17.51
C039,Velocity Mobility,Cash-Rich,2023-Q4,20,392.15,138.98,81.29,128.85,1373.74,108.67,30.04,30.71,3.48,1.06,18.87,140.97,-17.38,-20.85
C039,Velocity Mobility,Cash-Rich,2024-Q1,21,450.89,161.95,94.67,145.64,1480.12,134.89,29.05,40.65,3.48,1.06,27.21,154.7,-25.93,-22.38
C039,Velocity Mobility,Cash-Rich,2024-Q2,22,491.72,175.08,101.79,161.07,1587.84,130.11,43.29,32.49,3.48,1.06,40.89,173.73,-40.17,-25.85
C039,Velocity Mobility,Cash-Rich,2024-Q3,23,463.37,162.11,97.25,152.94,1711.45,116.84,39.45,42.25,3.48,1.06,18.65,165.77,-18.01,-24.15
C039,Velocity Mobility,Cash-Rich,2024-Q4,24,469.02,169.12,95.82,153.0,1816.81,107.22,34.11,34.9,3.48,1.06,32.81,162.76,-32.68,-24.72
C040,AeroVentures,Cash-Rich,2019-Q1,1,130.45,53.72,27.68,36.66,164.39,28.49,9.65,13.52,1.83,9.36,10.51,37.48,-9.44,-4.58
C040,AeroVentures,Cash-Rich,2019-Q2,2,143.76,57.36,30.4,41.87,192.79,38.53,13.37,10.56,1.83,9.36,8.43,42.66,-8.21,-6.05
C040,AeroVentures,Cash-Rich,2019-Q3,3,141.84,58.31,29.14,40.67,227.65,30.76,8.92,12.41,1.83,9.36,6.36,46.61,-5.45,-6.29
C040,AeroVentures,Cash-Rich,2019-Q4,4,143.19,59.08,29.56,40.78,253.94,31.67,9.04,13.2,1.83,9.36,11.96,43.0,-11.05,-5.66
C040,AeroVentures,Cash-Rich,2020-Q1,5,156.12,63.16,33.38,44.55,284.63,44.26,15.12,16.57,1.83,9.36,8.02,46.17,-8.02,-7.47
C040,AeroVentures,Cash-Rich,2020-Q2,6,174.38,69.6,36.51,51.07,328.27,46.68,16.53,17.74,1.83,9.36,7.44,58.08,-7.43,-7.01
C040,AeroVentures,Cash-Rich,2020-Q3,7,168.06,67.68,34.9,48.97,364.19,42.21,13.13,15.65,1.83,9.36,9.98,54.2,-9.6,-8.68
C040,AeroVentures,Cash-Rich,2020-Q4,8,162.08,65.32,34.3,46.71,398.35,44.68,14.15,13.29,1.83,9.36,11.11,51.35,-10.38,-6.81
C040,AeroVentures,Cash-Rich,2021-Q1,9,195.93,80.13,40.43,56.4,436.65,53.87,13.11,14.96,1.83,9.36,17.21,64.11,-17.12,-8.69
C040,AeroVentures,Cash-Rich,2021-Q2,10,216.2,86.57,45.29,63.13,481.8,61.19,21.21,21.07,1.83,9.36,15.17,67.69,-14.7,-7.83
C040,AeroVentures,Cash-Rich,2021-Q3,11,215.51,86.77,44.8,62.82,525.56,43.82,20.1,19.53,1.83,9.36,13.7,67.15,-12.47,-10.92
C040,AeroVentures,Cash-Rich,2021-Q4,12,219.48,90.27,46.73,61.73,571.13,64.67,17.13,18.21,1.83,9.36,12.43,66.58,-12.17,-8.83
C040,AeroVentures,Cash-Rich,2022-Q1,13,253.34,100.8,53.41,74.22,620.63,70.0,22.78,27.08,1.83,9.36,21.89,82.0,-21.39,-11.12
C040,AeroVentures,Cash-Rich,2022-Q2,14,281.83,112.05,57.91,83.77,684.56,63.13,17.94,23.09,1.83,9.36,11.67,88.78,-10.31,-14.53
C040,AeroVentures,Cash-Rich,2022-Q3,15,274.1,112.98,58.35,76.95,738.86,72.74,24.54,20.4,1.83,9.36,22.99,86.86,-21.65,-10.9
C040,AeroVentures,Cash-Rich,2022-Q4,16,274.57,110.64,58.46,78.97,803.19,62.92,22.82,21.02,1.83,9.36,12.92,88.52,-12.58,-11.61
C040,AeroVentures,Cash-Rich,2023-Q1,17,312.5,125.36,64.19,92.08,863.02,86.16,31.15,32.72,1.83,9.36,26.62,99.55,-26.01,-13.71
C040,AeroVentures,Cash-Rich,2023-Q2,18,361.73,146.54,75.66,104.51,944.12,100.39,29.7,31.02,1.83,9.36,15.15,112.14,-14.28,-16.76
C040,AeroVentures,Cash-Rich,2023-Q3,19,363.08,148.29,76.87,103.31,1019.33,90.9,35.5,40.58,1.83,9.36,26.06,114.38,-25.61,-13.56
C040,AeroVentures,Cash-Rich,2023-Q4,20,349.28,140.35,72.34,102.31,1092.78,85.3,21.85,38.99,1.83,9.36,23.7,111.52,-22.71,-15.36
C040,AeroVentures,Cash-Rich,2024-Q1,21,391.77,160.23,81.84,112.14,1175.51,108.02,27.67,32.39,1.83,9.36,22.96,119.93,-21.69,-15.51
C040,AeroVentures,Cash-Rich,2024-Q2,22,431.97,174.34,90.86,124.95,1265.66,117.53,30.36,34.31,1.83,9.36,30.62,138.68,-29.15,-19.39
C040,AeroVentures,Cash-Rich,2024-Q3,23,416.48,167.26,87.34,121.28,1344.23,96.61,27.89,34.5,1.83,9.36,31.33,128.97,-30.59,-19.81
C040,AeroVentures,Cash-Rich,2024-Q4,24,420.19,168.14,86.67,123.9,1437.23,109.78,26.81,42.95,1.83,9.36,22.05,131.42,-20.71,-17.71
C041,BlueShift Logistics,Cash-Constrained,2019-Q1,1,45.09,30.13,15.01,-1.48,4.81,9.08,4.88,7.38,33.64,49.84,3.05,0.73,-3.0,-0.12
C041,BlueShift Logistics,Cash-Constrained,2019-Q2,2,46.6,31.72,15.75,-2.29,2.81,12.23,7.23,8.2,33.64,49.84,3.86,-0.28,-3.28,1.55
C041,BlueShift Logistics,Cash-Constrained,2019-Q3,3,43.55,28.63,14.95,-1.45,3.3,10.53,4.95,5.82,33.64,49.84,3.56,2.75,-2.73,0.46
C041,BlueShift Logistics,Cash-Constrained,2019-Q4,4,40.37,26.99,13.64,-1.68,0.5,11.77,4.39,5.99,33.64,49.84,2.62,-0.98,-1.93,0.08
C041,BlueShift Logistics,Cash-Constrained,2020-Q1,5,43.63,28.9,14.62,-1.31,0.5,9.01,6.54,6.44,33.64,49.84,3.33,1.21,-2.31,-0.12
C041,BlueShift Logistics,Cash-Constrained,2020-Q2,6,45.34,30.21,15.31,-1.6,1.51,11.97,6.03,8.0,33.64,49.84,2.2,2.49,-2.0,0.52
C041,BlueShift Logistics,Cash-Constrained,2020-Q3,7,43.06,29.32,14.74,-2.41,0.5,11.9,4.99,5.96,33.64,49.84,2.09,-0.52,-1.63,-0.71
C041,BlueShift Logistics,Cash-Constrained,2020-Q4,8,41.52,27.41,13.92,-1.23,0.5,11.58,4.57,5.01,33.64,49.84,3.69,1.21,-3.19,-1.53
C041,BlueShift Logistics,Cash-Constrained,2021-Q1,9,45.97,31.11,15.67,-2.24,0.5,10.64,6.35,5.88,33.64,49.84,3.51,0.71,-2.06,-0.96
C041,BlueShift Logistics,Cash-Constrained,2021-Q2,10,49.66,32.59,16.88,-1.24,0.5,13.44,7.47,6.5,33.64,49.84,3.26,-0.64,-2.76,1.44
C041,BlueShift Logistics,Cash-Constrained,2021-Q3,11,49.53,33.26,16.99,-2.14,0.5,11.55,7.75,6.9,33.64,49.84,2.51,0.18,-1.8,-0.73
C041,BlueShift Logistics,Cash-Constrained,2021-Q4,12,47.06,31.21,16.27,-1.83,0.5,10.17,7.14,8.69,33.64,49.84,3.53,-2.76,-3.15,-1.84
C041,BlueShift Logistics,Cash-Constrained,2022-Q1,13,51.79,33.99,17.63,-1.25,1.4,12.96,8.07,6.4,33.64,49.84,3.83,1.96,-2.83,1.77
C041,BlueShift Logistics,Cash-Constrained,2022-Q2,14,55.46,37.6,18.47,-2.03,0.57,13.7,7.14,7.93,33.64,49.84,3.28,-0.11,-2.64,1.92
C041,BlueShift Logistics,Cash-Constrained,2022-Q3,15,56.73,38.47,19.14,-2.3,0.5,13.79,7.35,8.37,33.64,49.84,4.62,2.55,-4.46,-1.57
C041,BlueShift Logistics,Cash-Constrained,2022-Q4,16,53.52,35.71,17.87,-1.48,0.5,14.02,5.87,8.29,33.64,49.84,2.99,-2.3,-1.97,-0.06
C041,BlueShift Logistics,Cash-Constrained,2023-Q1,17,57.04,38.7,19.67,-2.76,0.5,16.09,6.3,10.83,33.64,49.84,4.35,-1.84,-2.98,-1.06
C041,BlueShift Logistics,Cash-Constrained,2023-Q2,18,61.11,41.57,20.57,-2.45,0.5,18.19,7.4,11.45,33.64,49.84,4.61,-2.66,-3.81,-0.09
C041,BlueShift Logistics,Cash-Constrained,2023-Q3,19,59.75,39.5,20.31,-1.48,0.5,13.46,9.7,7.22,33.64,49.84,3.11,-0.84,-2.49,-1.07
C041,BlueShift Logistics,Cash-Constrained,2023-Q4,20,55.34,37.03,19.05,-2.16,0.5,15.01,7.7,6.99,33.64,49.84,2.67,1.29,-1.49,-1.0
C041,BlueShift Logistics,Cash-Constrained,2024-Q1,21,56.53,38.38,18.89,-2.16,1.99,14.5,6.3,9.61,33.64,49.84,3.49,2.54,-2.76,1.71
C041,BlueShift Logistics,Cash-Constrained,2024-Q2,22,58.99,39.52,20.01,-1.95,1.97,15.21,8.65,7.54,33.64,49.84,3.64,2.38,-3.54,1.14
C041,BlueShift Logistics,Cash-Constrained,2024-Q3,23,55.12,37.09,18.99,-2.37,0.5,15.92,9.12,9.89,33.64,49.84,3.25,-3.08,-2.02,-0.53
C041,BlueShift Logistics,Cash-Constrained,2024-Q4,24,52.18,35.07,17.78,-2.09,0.5,12.34,8.43,8.08,33.64,49.84,4.69,-0.16,-3.95,-1.29
C042,Elysium Networks,Cash-Constrained,2019-Q1,1,66.46,45.68,22.7,-3.12,2.02,19.06,10.93,12.27,25.08,46.55,4.81,-0.15,-3.99,-1.8
C042,Elysium Networks,Cash-Constrained,2019-Q2,2,71.66,50.48,24.02,-4.05,0.5,18.97,10.11,11.57,25.08,46.55,3.86,-3.14,-3.63,-1.22
C042,Elysium Networks,Cash-Constrained,2019-Q3,3,69.82,48.93,23.08,-3.39,0.5,19.5,11.18,9.97,25.08,46.55,6.07,-1.89,-4.83,0.79
C042,Elysium Networks,Cash-Constrained,2019-Q4,4,63.5,43.57,21.22,-2.48,0.5,16.25,7.35,9.79,25.08,46.55,3.58,0.67,-2.41,1.36
C042,Elysium Networks,Cash-Constrained,2020-Q1,5,70.4,48.34,23.92,-3.06,0.5,15.16,7.65,11.8,25.08,46.55,6.01,-0.35,-5.47,-0.85
C042,Elysium Networks,Cash-Constrained,2020-Q2,6,74.62,52.07,24.97,-3.61,0.5,17.5,11.42,13.33,25.08,46.55,6.61,1.5,-6.21,0.86
C042,Elysium Networks,Cash-Constrained,2020-Q3,7,74.83,52.16,25.58,-4.11,0.5,20.42,12.79,13.74,25.08,46.55,6.04,1.38,-5.35,-0.99
C042,Elysium Networks,Cash-Constrained,2020-Q4,8,69.32,48.11,22.79,-2.78,0.5,17.5,9.65,11.19,25.08,46.55,5.93,2.8,-5.69,-0.52
C042,Elysium Networks,Cash-Constrained,2021-Q1,9,70.65,49.88,23.7,-4.13,0.5,18.17,11.74,13.0,25.08,46.55,5.35,-3.5,-4.69,-0.82
C042,Elysium Networks,Cash-Constrained,2021-Q2,10,73.66,50.47,24.68,-2.68,0.5,17.35,8.84,12.59,25.08,46.55,3.85,1.89,-3.77,1.4
C042,Elysium Networks,Cash-Constrained,2021-Q3,11,67.42,46.56,22.15,-2.5,0.5,15.07,7.62,11.23,25.08,46.55,4.48,-1.84,-3.59,-0.81
C042,Elysium Networks,Cash-Constrained,2021-Q4,12,66.29,45.39,21.81,-2.11,0.5,13.43,10.16,9.61,25.08,46.55,4.08,2.29,-3.4,0.05
C042,Elysium Networks,Cash-Constrained,2022-Q1,13,69.42,47.7,23.32,-2.8,0.5,16.15,9.27,11.67,25.08,46.55,4.93,-0.04,-4.11,0.96
C042,Elysium Networks,Cash-Constrained,2022-Q2,14,76.73,53.97,25.76,-4.2,0.5,20.56,12.81,12.05,25.08,46.55,6.0,-1.63,-5.13,-1.72
C042,Elysium Networks,Cash-Constrained,2022-Q3,15,75.24,53.44,24.77,-4.18,0.5,19.54,10.3,11.39,25.08,46.55,5.13,-3.66,-4.41,-1.58
C042,Elysium Networks,Cash-Constrained,2022-Q4,16,73.44,51.47,24.85,-4.08,0.5,20.32,12.38,11.37,25.08,46.55,6.12,1.62,-5.67,-1.36
C042,Elysium Networks,Cash-Constrained,2023-Q1,17,74.54,52.16,25.07,-3.89,0.5,20.5,10.48,9.94,25.08,46.55,4.14,1.27,-2.68,-1.53
C042,Elysium Networks,Cash-Constrained,2023-Q2,18,77.01,54.71,25.39,-4.3,0.5,17.18,8.46,13.71,25.08,46.55,4.75,0.85,-3.36,0.36
C042,Elysium Networks,Cash-Constrained,2023-Q3,19,75.95,52.56,25.31,-3.12,0.5,22.07,12.62,14.59,25.08,46.55,3.52,2.33,-2.29,-0.36
C042,Elysium Networks,Cash-Constrained,2023-Q4,20,73.25,52.11,24.53,-4.59,0.5,18.71,10.58,11.06,25.08,46.55,6.21,-4.19,-5.01,-1.44
C042,Elysium Networks,Cash-Constrained,2024-Q1,21,80.42,55.9,26.69,-3.38,0.5,23.0,12.3,13.12,25.08,46.55,3.58,0.48,-2.87,-1.23
C042,Elysium Networks,Cash-Constrained,2024-Q2,22,89.75,61.89,30.28,-3.62,0.5,26.13,11.78,12.43,25.08,46.55,7.5,0.91,-6.38,1.48
C042,Elysium Networks,Cash-Constrained,2024-Q3,23,90.03,61.91,29.99,-3.07,0.5,21.51,12.45,16.89,25.08,46.55,4.21,2.77,-3.95,-0.57
C042,Elysium Networks,Cash-Constrained,2024-Q4,24,86.44,59.81,29.11,-3.67,0.5,25.09,14.73,14.67,25.08,46.55,5.73,1.85,-5.42,0.1
C043,Kinetix Motors,Cash-Constrained,2019-Q1,1,70.23,44.67,21.54,2.03,7.8,20.33,8.82,12.26,39.19,36.1,3.07,2.9,-1.73,1.09
C043,Kinetix Motors,Cash-Constrained,2019-Q2,2,77.21,50.54,23.78,1.17,8.63,22.67,11.76,13.37,39.19,36.1,4.56,4.44,-3.16,-0.45
C043,Kinetix Motors,Cash-Constrained,2019-Q3,3,68.69,44.21,20.98,1.63,8.83,14.07,10.53,9.92,39.19,36.1,3.23,4.68,-3.22,-1.26
C043,Kinetix Motors,Cash-Constrained,2019-Q4,4,68.58,44.39,20.63,1.67,10.68,19.95,7.61,8.9,39.19,36.1,2.79,2.24,-1.63,1.25
C043,Kinetix Motors,Cash-Constrained,2020-Q1,5,71.22,45.33,21.76,2.11,9.78,21.04,7.92,11.48,39.19,36.1,3.91,4.35,-3.23,-2.03
C043,Kinetix Motors,Cash-Constrained,2020-Q2,6,77.42,50.3,23.43,1.78,8.83,21.1,7.89,13.86,39.19,36.1,6.51,2.75,-5.3,1.61
C043,Kinetix Motors,Cash-Constrained,2020-Q3,7,77.79,49.68,23.49,2.47,7.02,19.01,8.28,13.82,39.19,36.1,5.4,2.87,-4.46,-0.22
C043,Kinetix Motors,Cash-Constrained,2020-Q4,8,73.65,47.59,22.17,1.92,5.55,18.82,8.5,13.04,39.19,36.1,6.53,6.15,-6.47,-1.15
C043,Kinetix Motors,Cash-Constrained,2021-Q1,9,81.14,51.53,24.82,2.6,5.68,23.43,11.3,11.31,39.19,36.1,5.09,4.81,-4.83,0.15
C043,Kinetix Motors,Cash-Constrained,2021-Q2,10,84.17,53.74,26.1,2.25,1.98,23.2,11.34,11.63,39.19,36.1,6.63,3.64,-5.9,-1.44
C043,Kinetix Motors,Cash-Constrained,2021-Q3,11,79.27,51.45,23.98,1.89,0.85,20.03,10.04,12.24,39.19,36.1,6.61,7.03,-5.93,-2.22
C043,Kinetix Motors,Cash-Constrained,2021-Q4,12,74.48,47.67,22.87,1.96,2.96,19.05,10.26,9.32,39.19,36.1,3.66,5.58,-2.53,-0.94
C043,Kinetix Motors,Cash-Constrained,2022-Q1,13,79.97,51.15,24.65,2.13,4.76,17.81,11.74,12.43,39.19,36.1,4.61,5.61,-3.89,0.07
C043,Kinetix Motors,Cash-Constrained,2022-Q2,14,85.92,55.1,26.48,2.26,4.46,20.91,9.38,11.1,39.19,36.1,4.73,2.47,-3.61,0.84
C043,Kinetix Motors,Cash-Constrained,2022-Q3,15,84.13,54.45,25.95,1.79,6.12,17.54,9.37,9.85,39.19,36.1,4.81,6.21,-3.63,-0.91
C043,Kinetix Motors,Cash-Constrained,2022-Q4,16,80.06,52.05,24.12,1.92,3.03,17.4,9.58,11.5,39.19,36.1,6.26,3.91,-6.11,-0.88
C043,Kinetix Motors,Cash-Constrained,2023-Q1,17,85.56,54.65,26.45,2.35,0.5,22.21,11.72,13.98,39.19,36.1,6.99,3.23,-5.93,-0.04
C043,Kinetix Motors,Cash-Constrained,2023-Q2,18,90.43,58.96,27.87,1.7,0.5,19.91,11.38,13.53,39.19,36.1,7.93,2.38,-7.74,0.53
C043,Kinetix Motors,Cash-Constrained,2023-Q3,19,85.19,55.62,26.41,1.37,2.15,21.5,9.62,10.69,39.19,36.1,4.5,3.72,-3.74,1.66
C043,Kinetix Motors,Cash-Constrained,2023-Q4,20,81.07,52.2,25.18,1.77,0.5,21.49,10.31,13.86,39.19,36.1,6.76,4.62,-6.33,-1.75
C043,Kinetix Motors,Cash-Constrained,2024-Q1,21,88.0,57.37,27.38,1.44,0.5,18.07,11.48,12.48,39.19,36.1,7.01,5.48,-6.59,0.01
C043,Kinetix Motors,Cash-Constrained,2024-Q2,22,97.46,63.09,29.36,2.76,0.5,27.42,13.29,17.35,39.19,36.1,4.43,5.32,-3.67,-2.07
C043,Kinetix Motors,Cash-Constrained,2024-Q3,23,93.52,59.72,28.1,3.28,4.81,24.52,12.45,12.43,39.19,36.1,5.16,9.11,-4.49,-0.32
C043,Kinetix Motors,Cash-Constrained,2024-Q4,24,93.29,58.94,29.02,3.01,4.58,22.15,9.32,12.89,39.19,36.1,6.13,7.09,-5.09,-2.23
C044,Optima Health,Cash-Constrained,2019-Q1,1,53.28,32.88,17.9,0.94,4.31,11.34,5.96,7.61,36.69,34.02,4.24,3.62,-3.25,0.29
C044,Optima Health,Cash-Constrained,2019-Q2,2,57.88,36.22,19.65,0.57,1.85,13.98,8.48,7.35,36.69,34.02,4.2,-0.03,-3.9,1.47
C044,Optima Health,Cash-Constrained,2019-Q3,3,55.38,34.93,18.65,0.41,0.5,15.05,7.32,7.42,36.69,34.02,4.29,-0.19,-3.97,1.28
C044,Optima Health,Cash-Constrained,2019-Q4,4,51.29,32.11,17.49,0.34,0.5,14.74,7.59,6.97,36.69,34.02,4.04,0.69,-3.39,-1.28
C044,Optima Health,Cash-Constrained,2020-Q1,5,57.84,36.05,19.52,0.77,3.3,13.53,7.86,6.7,36.69,34.02,2.96,5.69,-1.46,-1.43
C044,Optima Health,Cash-Constrained,2020-Q2,6,64.32,40.83,21.62,0.47,3.13,13.38,9.7,10.86,36.69,34.02,4.83,2.48,-4.0,1.34
C044,Optima Health,Cash-Constrained,2020-Q3,7,62.02,38.92,20.96,0.67,2.01,17.93,6.48,7.59,36.69,34.02,4.52,3.65,-4.23,-0.54
C044,Optima Health,Cash-Constrained,2020-Q4,8,55.7,35.6,18.74,0.08,3.64,14.86,7.98,8.0,36.69,34.02,4.28,4.96,-3.59,0.26
C044,Optima Health,Cash-Constrained,2021-Q1,9,61.54,39.23,20.8,0.2,0.5,14.15,6.72,7.21,36.69,34.02,5.14,-0.05,-4.12,0.61
C044,Optima Health,Cash-Constrained,2021-Q2,10,69.44,43.81,23.93,0.34,1.66,17.22,10.38,9.46,36.69,34.02,5.2,5.77,-4.82,0.2
C044,Optima Health,Cash-Constrained,2021-Q3,11,64.25,40.5,21.68,0.63,2.9,13.19,9.92,9.89,36.69,34.02,4.74,5.49,-4.21,-0.04
C044,Optima Health,Cash-Constrained,2021-Q4,12,61.46,38.87,21.27,0.06,3.61,13.85,9.23,10.59,36.69,34.02,5.32,3.63,-4.72,1.8
C044,Optima Health,Cash-Constrained,2022-Q1,13,66.27,41.55,22.58,0.67,0.5,14.24,8.18,10.93,36.69,34.02,3.56,0.47,-3.55,-0.44
C044,Optima Health,Cash-Constrained,2022-Q2,14,73.18,46.38,25.17,0.29,2.19,21.55,9.78,9.53,36.69,34.02,5.76,5.86,-4.9,0.74
C044,Optima Health,Cash-Constrained,2022-Q3,15,70.47,44.02,24.16,0.79,1.68,14.38,8.3,9.71,36.69,34.02,2.9,1.69,-2.7,0.5
C044,Optima Health,Cash-Constrained,2022-Q4,16,68.02,43.23,23.57,-0.03,0.5,15.96,9.08,11.83,36.69,34.02,5.16,0.8,-4.03,-1.64
C044,Optima Health,Cash-Constrained,2023-Q1,17,74.02,45.61,24.75,1.81,2.09,15.17,8.37,10.53,36.69,34.02,3.95,4.97,-2.58,-0.8
C044,Optima Health,Cash-Constrained,2023-Q2,18,80.36,49.55,27.09,1.85,0.5,20.34,9.45,10.27,36.69,34.02,6.51,2.89,-5.01,-0.96
C044,Optima Health,Cash-Constrained,2023-Q3,19,80.27,50.85,27.17,0.76,0.5,23.32,10.48,11.44,36.69,34.02,7.04,4.9,-5.84,-1.95
C044,Optima Health,Cash-Constrained,2023-Q4,20,73.2,45.66,24.85,1.08,1.15,16.94,10.05,11.99,36.69,34.02,6.55,5.45,-6.14,1.34
C044,Optima Health,Cash-Constrained,2024-Q1,21,77.48,49.11,25.92,0.9,0.5,21.61,9.98,10.28,36.69,34.02,5.58,4.95,-5.27,-2.01
C044,Optima Health,Cash-Constrained,2024-Q2,22,86.45,54.15,29.46,1.2,1.16,24.87,13.15,12.61,36.69,34.02,5.36,6.26,-4.24,-1.36
C044,Optima Health,Cash-Constrained,2024-Q3,23,86.25,53.12,29.58,1.73,1.22,24.46,10.09,11.94,36.69,34.02,6.8,7.39,-6.36,-0.96
C044,Optima Health,Cash-Constrained,2024-Q4,24,78.91,49.91,26.89,0.65,2.0,17.06,9.03,13.48,36.69,34.02,7.05,5.01,-5.9,1.67
C045,Alpha Micro-Cap (Truncated),Highly Volatile,2019-Q1,1,78.21,44.9,19.65,9.75,43.14,22.15,8.13,12.32,17.04,21.94,5.72,10.18,-4.71,-2.45
C045,Alpha Micro-Cap (Truncated),Highly Volatile,2019-Q2,2,83.05,47.6,21.21,10.18,46.59,22.94,8.71,11.11,17.04,21.94,4.19,10.1,-3.46,-3.18
C045,Alpha Micro-Cap (Truncated),Highly Volatile,2019-Q3,3,80.28,47.15,20.39,9.05,54.75,23.61,9.69,11.32,17.04,21.94,5.79,14.36,-5.74,-0.46
C045,Alpha Micro-Cap (Truncated),Highly Volatile,2019-Q4,4,77.95,45.72,19.88,8.76,57.39,20.14,9.93,12.76,17.04,21.94,5.72,8.69,-5.29,-0.75
C045,Alpha Micro-Cap (Truncated),Highly Volatile,2020-Q1,5,81.07,46.24,20.53,10.22,62.6,17.25,8.16,12.19,17.04,21.94,5.22,11.65,-3.81,-2.62
C046,Beta Startup (Truncated),Highly Volatile,2019-Q1,1,93.0,51.57,29.7,8.1,54.79,22.17,8.47,12.95,23.73,30.53,3.92,12.63,-2.67,-2.22
C046,Beta Startup (Truncated),Highly Volatile,2019-Q2,2,105.09,58.75,34.13,8.46,63.63,21.71,11.17,15.07,23.73,30.53,6.38,15.04,-5.74,-0.46
C046,Beta Startup (Truncated),Highly Volatile,2019-Q3,3,97.89,55.86,31.57,7.15,64.49,23.89,12.82,13.46,23.73,30.53,6.99,8.6,-6.71,-1.03
C047,Gamma Ventures (Truncated),Highly Volatile,2019-Q1,1,102.5,59.48,30.7,8.68,37.28,25.36,11.01,12.85,13.46,32.49,6.94,14.47,-5.86,0.29
C047,Gamma Ventures (Truncated),Highly Volatile,2019-Q2,2,105.75,63.14,31.11,8.06,44.18,31.22,9.63,13.74,13.46,32.49,5.68,14.16,-5.27,-2.0
C047,Gamma Ventures (Truncated),Highly Volatile,2019-Q3,3,97.4,57.75,29.31,7.18,48.15,26.05,9.84,15.78,13.46,32.49,4.63,9.29,-4.49,-0.82
C048,Delta Tech (Truncated),Highly Volatile,2019-Q1,1,74.03,38.44,20.53,10.66,39.34,16.62,9.48,6.95,19.06,31.33,3.7,15.4,-2.28,-2.23
C048,Delta Tech (Truncated),Highly Volatile,2019-Q2,2,83.41,43.01,23.18,12.27,45.23,21.3,9.59,7.92,19.06,31.33,5.25,12.12,-5.05,-1.18
C048,Delta Tech (Truncated),Highly Volatile,2019-Q3,3,78.28,39.76,21.86,11.85,51.73,17.2,8.15,7.62,19.06,31.33,3.33,11.61,-1.9,-3.21
C048,Delta Tech (Truncated),Highly Volatile,2019-Q4,4,73.51,37.18,20.59,11.16,60.32,18.12,9.12,10.21,19.06,31.33,5.15,15.31,-4.47,-2.25
C048,Delta Tech (Truncated),Highly Volatile,2020-Q1,5,79.4,41.53,22.32,11.02,69.74,20.48,7.19,7.67,19.06,31.33,4.42,16.37,-3.76,-3.19
C049,Shockwave Retail (Revenue Spike),Highly Volatile,2019-Q1,1,129.13,64.43,42.5,15.97,34.02,36.92,12.27,14.17,23.3,29.6,7.64,19.08,-6.33,-2.94
C049,Shockwave Retail (Revenue Spike),Highly Volatile,2019-Q2,2,133.27,68.22,45.23,14.19,46.31,28.59,11.44,18.16,23.3,29.6,5.36,18.98,-4.95,-1.74
C049,Shockwave Retail (Revenue Spike),Highly Volatile,2019-Q3,3,125.62,62.17,42.59,14.96,53.45,34.56,12.99,15.97,23.3,29.6,9.79,19.64,-9.23,-3.27
C049,Shockwave Retail (Revenue Spike),Highly Volatile,2019-Q4,4,120.31,61.04,39.98,13.78,67.23,35.87,11.29,16.61,23.3,29.6,6.27,21.18,-5.07,-2.34
C049,Shockwave Retail (Revenue Spike),Highly Volatile,2020-Q1,5,128.89,65.43,42.92,14.72,77.53,28.71,11.12,14.56,23.3,29.6,9.06,21.41,-8.02,-3.08
C049,Shockwave Retail (Revenue Spike),Highly Volatile,2020-Q2,6,141.38,71.03,46.28,17.37,89.49,39.83,17.68,15.67,23.3,29.6,6.86,19.99,-5.88,-2.16
C049,Shockwave Retail (Revenue Spike),Highly Volatile,2020-Q3,7,131.97,67.05,44.33,14.76,97.97,30.65,13.71,13.06,23.3,29.6,11.09,19.8,-10.46,-0.86
C049,Shockwave Retail (Revenue Spike),Highly Volatile,2020-Q4,8,128.27,64.72,42.24,15.3,104.46,33.11,12.98,14.23,23.3,29.6,7.8,18.09,-7.69,-3.9
C049,Shockwave Retail (Revenue Spike),Highly Volatile,2021-Q1,9,130.86,66.91,43.41,14.72,111.47,36.09,13.58,16.76,23.3,29.6,11.4,18.49,-10.6,-0.88
C049,Shockwave Retail (Revenue Spike),Highly Volatile,2021-Q2,10,137.04,68.53,44.96,16.98,121.0,36.64,10.33,15.59,23.3,29.6,9.78,20.54,-8.31,-2.69
C049,Shockwave Retail (Revenue Spike),Highly Volatile,2021-Q3,11,130.71,65.7,44.33,14.82,133.1,37.77,15.02,13.77,23.3,29.6,6.69,20.41,-6.03,-2.29
C049,Shockwave Retail (Revenue Spike),Highly Volatile,2021-Q4,12,129.06,65.75,43.71,14.02,138.77,31.16,9.98,17.5,23.3,29.6,9.18,17.31,-9.14,-2.5
C049,Shockwave Retail (Revenue Spike),Highly Volatile,2022-Q1,13,131.48,67.18,44.48,14.19,144.09,29.42,10.62,16.3,23.3,29.6,9.68,18.54,-9.63,-3.59
C049,Shockwave Retail (Revenue Spike),Highly Volatile,2022-Q2,14,137.88,69.84,45.44,16.27,157.64,39.4,10.88,14.08,23.3,29.6,8.5,24.71,-7.45,-3.71
C049,Shockwave Retail (Revenue Spike),Highly Volatile,2022-Q3,15,137.2,68.47,46.34,16.11,170.71,35.72,12.93,16.14,23.3,29.6,6.62,22.13,-6.02,-3.04
C049,Shockwave Retail (Revenue Spike),Highly Volatile,2022-Q4,16,133.06,66.63,44.83,15.52,179.23,33.03,16.26,13.95,23.3,29.6,10.56,20.39,-9.74,-2.14
C049,Shockwave Retail (Revenue Spike),Highly Volatile,2023-Q1,17,142.41,70.94,48.43,16.6,191.42,32.87,16.92,17.57,23.3,29.6,9.57,21.45,-8.31,-0.96
C049,Shockwave Retail (Revenue Spike),Highly Volatile,2023-Q2,18,149.85,74.32,49.64,18.74,208.2,34.99,11.46,17.82,23.3,29.6,8.85,26.82,-7.74,-2.3
C049,Shockwave Retail (Revenue Spike),Highly Volatile,2023-Q3,19,138.58,70.26,46.86,15.42,214.43,37.22,10.66,14.17,23.3,29.6,9.5,18.46,-8.36,-3.87
C049,Shockwave Retail (Revenue Spike),Highly Volatile,2023-Q4,20,130.23,66.36,43.51,14.58,230.42,35.03,16.4,12.5,23.3,29.6,6.03,22.21,-5.44,-0.78
C049,Shockwave Retail (Revenue Spike),Highly Volatile,2024-Q1,21,139.98,70.64,47.06,16.03,241.49,39.65,11.46,18.44,23.3,29.6,8.75,21.56,-8.12,-2.37
C049,Shockwave Retail (Revenue Spike),Highly Volatile,2024-Q2,22,153.92,78.76,51.42,17.12,253.88,45.46,13.23,19.88,23.3,29.6,11.38,25.17,-10.47,-2.31
C049,Shockwave Retail (Revenue Spike),Highly Volatile,2024-Q3,23,413.63,204.82,139.83,51.06,278.8,99.85,35.92,54.68,23.3,29.6,33.26,67.43,-32.87,-9.64
C049,Shockwave Retail (Revenue Spike),Highly Volatile,2024-Q4,24,1108.51,557.22,363.67,140.04,378.54,305.33,98.97,125.02,23.3,29.6,60.23,181.2,-59.06,-22.4
C050,Volatile Dynamics (Expense Spike),Highly Volatile,2019-Q1,1,113.94,67.8,36.47,6.85,49.05,27.51,10.47,17.52,11.63,20.01,7.25,12.3,-5.9,-1.68
C050,Volatile Dynamics (Expense Spike),Highly Volatile,2019-Q2,2,124.06,72.81,40.04,8.01,51.84,34.7,14.67,14.06,11.63,20.01,9.03,11.11,-8.46,0.14
C050,Volatile Dynamics (Expense Spike),Highly Volatile,2019-Q3,3,122.63,72.13,38.47,8.62,55.6,24.93,13.6,19.5,11.63,20.01,6.17,11.67,-4.72,-3.19
C050,Volatile Dynamics (Expense Spike),Highly Volatile,2019-Q4,4,114.58,68.57,36.17,6.97,58.32,23.34,16.58,13.3,11.63,20.01,6.15,11.62,-6.06,-2.85
C050,Volatile Dynamics (Expense Spike),Highly Volatile,2020-Q1,5,122.78,72.2,38.92,8.35,66.55,35.96,17.41,18.16,11.63,20.01,6.87,15.33,-6.3,-0.8
C050,Volatile Dynamics (Expense Spike),Highly Volatile,2020-Q2,6,137.74,81.91,43.77,8.65,67.05,33.07,20.36,21.47,11.63,20.01,10.52,13.51,-10.11,-2.9
C050,Volatile Dynamics (Expense Spike),Highly Volatile,2020-Q3,7,126.87,73.62,40.85,8.9,69.56,29.93,15.32,13.8,11.63,20.01,10.72,11.85,-9.81,0.47
C050,Volatile Dynamics (Expense Spike),Highly Volatile,2020-Q4,8,114.35,69.02,36.18,6.47,71.65,26.29,16.28,19.32,11.63,20.01,9.12,11.59,-7.95,-1.55
C050,Volatile Dynamics (Expense Spike),Highly Volatile,2021-Q1,9,127.27,75.88,39.7,8.37,80.21,29.74,12.48,15.43,11.63,20.01,5.33,15.57,-5.0,-2.02
C050,Volatile Dynamics (Expense Spike),Highly Volatile,2021-Q2,10,137.35,81.65,43.73,8.57,86.68,30.47,13.59,16.63,11.63,20.01,7.36,13.83,-5.93,-1.43
C050,Volatile Dynamics (Expense Spike),Highly Volatile,2021-Q3,11,131.14,77.07,41.95,8.69,95.07,29.89,15.96,19.82,11.63,20.01,6.96,16.29,-6.46,-1.45
C050,Volatile Dynamics (Expense Spike),Highly Volatile,2021-Q4,12,124.01,74.64,40.07,6.58,96.77,25.92,12.18,17.13,11.63,20.01,7.1,9.03,-6.88,-0.44
C050,Volatile Dynamics (Expense Spike),Highly Volatile,2022-Q1,13,138.51,83.13,43.37,8.61,102.7,37.25,15.87,16.68,11.63,20.01,6.07,13.23,-5.02,-2.28
C050,Volatile Dynamics (Expense Spike),Highly Volatile,2022-Q2,14,140.91,82.75,44.13,10.12,109.75,40.36,16.5,19.63,11.63,20.01,8.53,15.83,-8.24,-0.54
C050,Volatile Dynamics (Expense Spike),Highly Volatile,2022-Q3,15,130.54,76.65,41.47,8.92,113.02,31.97,16.93,18.58,11.63,20.01,9.88,14.76,-9.44,-2.05
C050,Volatile Dynamics (Expense Spike),Highly Volatile,2022-Q4,16,126.41,74.62,39.89,8.53,115.59,37.73,17.27,14.66,11.63,20.01,5.33,10.35,-4.96,-2.82
C050,Volatile Dynamics (Expense Spike),Highly Volatile,2023-Q1,17,140.44,83.89,44.15,8.9,120.02,33.7,16.84,21.9,11.63,20.01,12.01,16.23,-11.24,-0.56
C050,Volatile Dynamics (Expense Spike),Highly Volatile,2023-Q2,18,150.83,87.87,48.09,10.76,125.15,33.92,16.97,21.39,11.63,20.01,6.43,15.07,-6.41,-3.53
C050,Volatile Dynamics (Expense Spike),Highly Volatile,2023-Q3,19,140.47,84.74,44.32,8.16,132.48,29.88,17.33,22.52,11.63,20.01,7.7,14.54,-6.86,-0.36
C050,Volatile Dynamics (Expense Spike),Highly Volatile,2023-Q4,20,130.55,77.96,41.79,7.7,133.46,37.48,18.48,18.55,11.63,20.01,9.41,12.3,-8.18,-3.13
C050,Volatile Dynamics (Expense Spike),Highly Volatile,2024-Q1,21,144.77,84.72,45.99,10.14,141.75,30.87,16.06,16.75,11.63,20.01,8.49,14.84,-7.0,0.46
C050,Volatile Dynamics (Expense Spike),Highly Volatile,2024-Q2,22,154.59,90.07,49.6,10.79,145.15,31.72,13.78,17.16,11.63,20.01,13.46,19.54,-13.17,-2.97
C050,Volatile Dynamics (Expense Spike),Highly Volatile,2024-Q3,23,147.72,140.73,46.45,-39.99,105.0,40.72,25.47,38.31,11.63,20.01,9.13,-33.47,-7.95,1.27
C050,Volatile Dynamics (Expense Spike),Highly Volatile,2024-Q4,24,133.52,125.78,42.18,-34.98,66.96,39.2,20.94,23.17,11.63,20.01,10.69,-30.19,-9.53,1.68
C051,BurnRate Systems (Insolvent),Highly Volatile,2019-Q1,1,103.78,53.75,46.8,2.05,47.42,30.95,8.4,14.53,11.4,18.45,5.78,9.55,-4.32,-1.16
C051,BurnRate Systems (Insolvent),Highly Volatile,2019-Q2,2,110.57,57.27,50.27,1.89,51.08,30.49,11.82,11.0,11.4,18.45,6.4,8.12,-5.21,0.75
C051,BurnRate Systems (Insolvent),Highly Volatile,2019-Q3,3,104.12,52.21,45.74,4.25,55.92,27.37,11.12,14.55,11.4,18.45,5.89,9.13,-4.96,0.67
C051,BurnRate Systems (Insolvent),Highly Volatile,2019-Q4,4,99.76,51.77,45.22,1.7,55.92,24.21,11.05,13.75,11.4,18.45,5.07,7.07,-4.82,-2.25
C051,BurnRate Systems (Insolvent),Highly Volatile,2020-Q1,5,105.31,53.16,46.78,3.65,57.2,26.96,10.09,13.15,11.4,18.45,4.86,6.6,-4.12,-1.2
C051,BurnRate Systems (Insolvent),Highly Volatile,2020-Q2,6,113.85,57.59,50.11,4.24,54.79,32.97,12.62,11.07,11.4,18.45,10.1,7.64,-9.08,-0.97
C051,BurnRate Systems (Insolvent),Highly Volatile,2020-Q3,7,111.79,57.65,50.02,2.71,61.15,27.16,8.71,15.72,11.4,18.45,5.61,9.33,-4.23,1.25
C051,BurnRate Systems (Insolvent),Highly Volatile,2020-Q4,8,108.68,56.51,49.4,1.7,66.92,32.58,9.86,14.93,11.4,18.45,5.6,9.56,-5.45,1.66
C051,BurnRate Systems (Insolvent),Highly Volatile,2021-Q1,9,119.26,59.62,52.39,5.06,72.46,29.41,10.37,14.84,11.4,18.45,5.23,11.74,-4.99,-1.21
C051,BurnRate Systems (Insolvent),Highly Volatile,2021-Q2,10,126.19,63.55,57.17,3.72,75.97,30.49,10.13,14.52,11.4,18.45,5.86,8.13,-5.5,0.88
C051,BurnRate Systems (Insolvent),Highly Volatile,2021-Q3,11,115.86,59.21,52.35,2.85,78.37,34.68,9.66,10.95,11.4,18.45,9.46,10.3,-8.19,0.29
C051,BurnRate Systems (Insolvent),Highly Volatile,2021-Q4,12,107.08,55.6,47.98,2.25,80.19,31.2,13.72,14.72,11.4,18.45,5.33,6.86,-4.51,-0.52
C051,BurnRate Systems (Insolvent),Highly Volatile,2022-Q1,13,118.0,59.21,52.47,4.37,86.25,28.17,12.57,11.59,11.4,18.45,7.36,12.83,-5.99,-0.78
C051,BurnRate Systems (Insolvent),Highly Volatile,2022-Q2,14,123.22,62.28,54.39,4.53,86.53,24.69,12.66,11.88,11.4,18.45,8.56,10.41,-8.15,-1.98
C051,BurnRate Systems (Insolvent),Highly Volatile,2022-Q3,15,116.08,60.24,51.61,2.8,90.14,30.81,9.52,12.3,11.4,18.45,7.71,10.63,-6.32,-0.7
C051,BurnRate Systems (Insolvent),Highly Volatile,2022-Q4,16,112.63,58.29,50.34,2.62,92.26,33.55,14.34,12.41,11.4,18.45,9.28,10.98,-8.96,0.1
C051,BurnRate Systems (Insolvent),Highly Volatile,2023-Q1,17,126.17,65.26,57.58,2.12,93.96,30.78,10.18,16.64,11.4,18.45,7.87,9.42,-7.41,-0.31
C051,BurnRate Systems (Insolvent),Highly Volatile,2023-Q2,18,127.61,64.66,57.74,3.53,91.45,32.46,15.37,15.15,11.4,18.45,10.53,8.89,-9.7,-1.7
C051,BurnRate Systems (Insolvent),Highly Volatile,2023-Q3,19,116.2,60.08,51.95,2.75,92.93,31.68,9.59,13.19,11.4,18.45,9.35,11.89,-9.11,-1.3
C051,BurnRate Systems (Insolvent),Highly Volatile,2023-Q4,20,114.57,58.03,51.62,3.31,97.16,31.59,13.05,13.4,11.4,18.45,7.09,11.37,-6.9,-0.24
C051,BurnRate Systems (Insolvent),Highly Volatile,2024-Q1,21,129.86,67.37,57.99,2.99,96.61,30.27,16.69,17.94,11.4,18.45,8.21,8.89,-7.58,-1.85
C051,BurnRate Systems (Insolvent),Highly Volatile,2024-Q2,22,143.12,74.33,63.85,3.33,94.42,41.15,12.56,17.45,11.4,18.45,11.19,8.13,-10.32,0.0
C051,BurnRate Systems (Insolvent),Highly Volatile,2024-Q3,23,135.55,69.49,60.87,3.52,98.58,35.41,14.24,14.4,11.4,18.45,6.35,9.29,-5.08,-0.06
C051,BurnRate Systems (Insolvent),Highly Volatile,2024-Q4,24,127.15,64.03,56.21,4.8,104.75,36.53,14.36,15.75,11.4,18.45,6.75,10.99,-5.28,0.47
C052,CashDrain Inc (Insolvent),Highly Volatile,2019-Q1,1,85.81,49.71,41.07,-5.58,23.79,25.71,7.84,11.3,16.4,18.72,6.82,1.16,-5.68,-0.6
C052,CashDrain Inc (Insolvent),Highly Volatile,2019-Q2,2,90.31,52.71,42.84,-5.85,14.48,26.86,9.63,14.35,16.4,18.72,8.08,-2.09,-7.07,-0.15
C052,CashDrain Inc (Insolvent),Highly Volatile,2019-Q3,3,82.28,47.68,38.28,-4.29,13.41,17.4,8.81,12.22,16.4,18.72,3.71,0.95,-2.44,0.41
C052,CashDrain Inc (Insolvent),Highly Volatile,2019-Q4,4,79.82,47.54,37.98,-6.3,4.78,17.36,9.38,11.64,16.4,18.72,3.25,-4.57,-3.06,-0.99
C052,CashDrain Inc (Insolvent),Highly Volatile,2020-Q1,5,84.52,48.71,40.22,-5.01,0.5,21.94,8.74,8.83,16.4,18.72,5.04,-2.72,-4.81,-0.49
C052,CashDrain Inc (Insolvent),Highly Volatile,2020-Q2,6,83.11,48.85,39.35,-5.69,0.5,18.54,9.01,11.79,16.4,18.72,6.45,1.19,-5.62,-0.55
C052,CashDrain Inc (Insolvent),Highly Volatile,2020-Q3,7,81.25,46.64,39.14,-5.14,0.5,21.65,10.17,8.57,16.4,18.72,5.22,0.19,-5.06,-0.89
C052,CashDrain Inc (Insolvent),Highly Volatile,2020-Q4,8,76.42,45.39,36.19,-5.76,0.5,18.44,7.14,11.41,16.4,18.72,5.4,-0.2,-4.64,-0.26
C052,CashDrain Inc (Insolvent),Highly Volatile,2021-Q1,9,78.64,46.79,37.29,-6.06,0.5,18.17,9.12,12.19,16.4,18.72,4.3,-3.61,-3.28,-0.74
C052,CashDrain Inc (Insolvent),Highly Volatile,2021-Q2,10,85.44,50.54,39.78,-5.49,0.5,23.6,7.93,9.16,16.4,18.72,5.9,1.67,-5.37,-1.07
C052,CashDrain Inc (Insolvent),Highly Volatile,2021-Q3,11,81.85,48.81,39.43,-6.99,0.5,21.57,9.48,11.18,16.4,18.72,3.69,-1.16,-3.2,-1.7
C052,CashDrain Inc (Insolvent),Highly Volatile,2021-Q4,12,83.25,47.85,38.86,-4.07,0.5,20.69,10.93,10.94,16.4,18.72,3.67,-0.39,-2.85,-0.91
C052,CashDrain Inc (Insolvent),Highly Volatile,2022-Q1,13,90.16,51.9,42.11,-4.46,0.5,22.3,12.81,13.35,16.4,18.72,5.11,2.98,-3.62,-1.59
C052,CashDrain Inc (Insolvent),Highly Volatile,2022-Q2,14,96.71,55.54,46.35,-5.79,0.5,28.31,8.83,10.63,16.4,18.72,4.37,-3.03,-4.06,1.88
C052,CashDrain Inc (Insolvent),Highly Volatile,2022-Q3,15,95.22,56.29,45.06,-6.74,0.5,26.64,11.8,11.9,16.4,18.72,6.35,-0.97,-5.11,1.93
C052,CashDrain Inc (Insolvent),Highly Volatile,2022-Q4,16,92.22,53.73,44.04,-6.16,0.5,19.36,12.23,11.67,16.4,18.72,5.36,-3.64,-4.45,-1.52
C052,CashDrain Inc (Insolvent),Highly Volatile,2023-Q1,17,99.64,57.87,46.88,-5.72,0.5,27.31,12.16,14.3,16.4,18.72,6.42,-0.76,-4.93,-1.14
C052,CashDrain Inc (Insolvent),Highly Volatile,2023-Q2,18,107.9,62.89,50.56,-6.16,0.5,29.84,14.24,13.16,16.4,18.72,4.38,-2.6,-3.74,-0.36
C052,CashDrain Inc (Insolvent),Highly Volatile,2023-Q3,19,102.76,59.5,49.32,-6.67,0.5,25.6,12.49,11.28,16.4,18.72,8.96,-1.46,-8.08,-0.62
C052,CashDrain Inc (Insolvent),Highly Volatile,2023-Q4,20,98.41,57.83,47.26,-7.3,0.5,22.38,11.6,15.95,16.4,18.72,7.48,-3.59,-6.56,0.72
C052,CashDrain Inc (Insolvent),Highly Volatile,2024-Q1,21,101.51,59.8,47.42,-6.32,0.5,24.56,10.09,10.81,16.4,18.72,6.25,2.19,-4.8,-1.44
C052,CashDrain Inc (Insolvent),Highly Volatile,2024-Q2,22,105.21,61.74,49.12,-6.26,0.5,29.35,14.1,11.81,16.4,18.72,5.23,2.11,-4.31,1.94
C052,CashDrain Inc (Insolvent),Highly Volatile,2024-Q3,23,98.01,56.6,46.31,-5.51,0.5,27.38,9.34,13.92,16.4,18.72,5.59,-1.01,-4.6,-0.13
C052,CashDrain Inc (Insolvent),Highly Volatile,2024-Q4,24,92.22,54.6,42.98,-5.97,0.5,25.73,8.54,10.89,16.4,18.72,7.63,0.13,-7.25,-0.69
C053,Chaos Labs (High Volatility),Highly Volatile,2019-Q1,1,129.47,67.03,43.1,14.05,56.61,26.54,14.14,13.09,12.18,24.28,7.48,21.2,-7.06,-0.74
C053,Chaos Labs (High Volatility),Highly Volatile,2019-Q2,2,83.05,43.1,27.35,8.99,61.02,18.97,10.39,10.99,12.18,24.28,6.29,9.65,-5.5,0.26
C053,Chaos Labs (High Volatility),Highly Volatile,2019-Q3,3,65.94,34.47,21.83,6.77,67.29,16.42,6.74,6.91,12.18,24.28,4.13,10.93,-2.69,-1.97
C053,Chaos Labs (High Volatility),Highly Volatile,2019-Q4,4,72.8,38.61,24.26,6.99,72.98,20.9,8.99,8.34,12.18,24.28,3.48,10.5,-2.68,-2.13
C053,Chaos Labs (High Volatility),Highly Volatile,2020-Q1,5,95.21,49.67,31.41,10.13,81.16,21.6,12.41,9.3,12.18,24.28,4.84,11.17,-3.39,0.4
C053,Chaos Labs (High Volatility),Highly Volatile,2020-Q2,6,116.0,61.37,37.97,12.04,86.3,34.48,10.08,11.67,12.18,24.28,7.96,14.27,-6.79,-2.34
C053,Chaos Labs (High Volatility),Highly Volatile,2020-Q3,7,157.6,81.92,51.45,17.71,97.28,38.86,17.85,21.56,12.18,24.28,10.98,23.64,-10.58,-2.07
C053,Chaos Labs (High Volatility),Highly Volatile,2020-Q4,8,214.41,109.73,72.09,23.99,113.34,54.94,19.23,30.23,12.18,24.28,12.13,32.54,-11.86,-4.62
C053,Chaos Labs (High Volatility),Highly Volatile,2021-Q1,9,298.71,156.39,100.54,30.88,125.12,66.67,25.35,28.25,12.18,24.28,26.86,42.99,-25.82,-5.4
C053,Chaos Labs (High Volatility),Highly Volatile,2021-Q2,10,427.2,225.14,138.71,47.05,152.81,120.33,40.54,43.9,12.18,24.28,27.1,62.05,-26.46,-7.9
C053,Chaos Labs (High Volatility),Highly Volatile,2021-Q3,11,288.15,151.75,97.28,28.89,175.1,80.04,27.25,31.03,12.18,24.28,13.5,38.87,-12.67,-3.91
C053,Chaos Labs (High Volatility),Highly Volatile,2021-Q4,12,323.67,169.9,106.28,35.16,195.77,75.43,37.06,36.52,12.18,24.28,19.0,46.19,-18.6,-6.92
C053,Chaos Labs (High Volatility),Highly Volatile,2022-Q1,13,450.08,237.88,147.36,48.18,235.83,92.93,53.26,47.85,12.18,24.28,19.45,65.22,-19.11,-6.06
C053,Chaos Labs (High Volatility),Highly Volatile,2022-Q2,14,612.56,315.5,201.5,71.22,282.88,130.73,49.67,88.09,12.18,24.28,41.11,96.33,-39.96,-9.32
C053,Chaos Labs (High Volatility),Highly Volatile,2022-Q3,15,743.19,379.83,243.0,89.82,325.86,197.31,71.25,105.69,12.18,24.28,65.27,119.97,-64.97,-12.02
C053,Chaos Labs (High Volatility),Highly Volatile,2022-Q4,16,593.26,315.24,193.75,62.75,350.32,149.28,72.28,70.38,12.18,24.28,52.99,85.81,-52.35,-9.0
C053,Chaos Labs (High Volatility),Highly Volatile,2023-Q1,17,384.41,203.08,128.04,39.51,380.63,92.41,30.79,48.57,12.18,24.28,15.4,51.95,-14.48,-7.17
C053,Chaos Labs (High Volatility),Highly Volatile,2023-Q2,18,298.56,156.55,97.09,33.23,397.53,69.07,25.82,37.26,12.18,24.28,22.71,45.85,-22.32,-6.63
C053,Chaos Labs (High Volatility),Highly Volatile,2023-Q3,19,177.67,92.32,59.88,18.65,410.46,39.4,16.22,17.55,12.18,24.28,13.15,26.47,-12.18,-1.35
C053,Chaos Labs (High Volatility),Highly Volatile,2023-Q4,20,166.64,85.58,54.71,19.31,424.23,44.37,18.08,19.95,12.18,24.28,11.98,26.97,-10.65,-2.55
C053,Chaos Labs (High Volatility),Highly Volatile,2024-Q1,21,223.5,115.31,74.53,24.79,445.38,64.87,21.74,29.74,12.18,24.28,9.61,35.08,-8.73,-5.2
C053,Chaos Labs (High Volatility),Highly Volatile,2024-Q2,22,338.93,178.83,110.47,36.76,463.34,71.91,37.46,38.36,12.18,24.28,22.74,47.23,-22.15,-7.11
C053,Chaos Labs (High Volatility),Highly Volatile,2024-Q3,23,409.82,217.13,137.09,41.25,483.32,115.67,37.27,44.81,12.18,24.28,32.07,55.95,-30.65,-5.32
C053,Chaos Labs (High Volatility),Highly Volatile,2024-Q4,24,521.34,273.21,171.85,56.76,522.14,126.47,43.04,50.04,12.18,24.28,32.28,78.55,-31.45,-8.28
C054,Turbulence Capital (High Volatility),Highly Volatile,2019-Q1,1,90.68,50.44,27.33,9.07,38.28,26.21,8.93,9.26,22.31,24.02,4.89,10.92,-3.53,-0.76
C054,Turbulence Capital (High Volatility),Highly Volatile,2019-Q2,2,60.89,32.86,17.84,7.04,45.43,16.02,7.35,8.74,22.31,24.02,3.05,11.83,-2.59,-2.09
C054,Turbulence Capital (High Volatility),Highly Volatile,2019-Q3,3,50.72,28.23,15.11,4.92,45.36,13.89,5.62,5.16,22.31,24.02,3.39,4.12,-2.31,-1.88
C054,Turbulence Capital (High Volatility),Highly Volatile,2019-Q4,4,57.68,31.97,17.07,5.87,48.97,15.84,6.09,7.92,22.31,24.02,5.17,9.5,-4.65,-1.24
C054,Turbulence Capital (High Volatility),Highly Volatile,2020-Q1,5,43.51,23.54,13.02,4.6,49.8,12.69,4.46,4.66,22.31,24.02,2.73,4.87,-2.29,-1.76
C054,Turbulence Capital (High Volatility),Highly Volatile,2020-Q2,6,56.37,30.26,16.77,6.4,54.21,15.75,5.34,7.27,22.31,24.02,4.1,9.42,-3.43,-1.57
C054,Turbulence Capital (High Volatility),Highly Volatile,2020-Q3,7,69.79,38.61,20.58,7.34,61.97,14.68,6.07,7.31,22.31,24.02,2.97,10.31,-2.47,-0.09
C054,Turbulence Capital (High Volatility),Highly Volatile,2020-Q4,8,54.12,29.95,16.23,5.35,67.58,12.15,6.67,7.63,22.31,24.02,2.73,6.68,-1.95,0.88
C054,Turbulence Capital (High Volatility),Highly Volatile,2021-Q1,9,65.38,35.33,19.57,7.26,72.45,15.87,7.39,8.95,22.31,24.02,5.28,9.69,-4.19,-0.63
C054,Turbulence Capital (High Volatility),Highly Volatile,2021-Q2,10,48.22,26.76,14.57,4.56,77.65,10.3,5.32,5.51,22.31,24.02,3.67,7.83,-3.46,0.82
C054,Turbulence Capital (High Volatility),Highly Volatile,2021-Q3,11,32.88,18.22,9.75,3.08,78.83,7.66,3.02,3.58,22.31,24.02,2.22,5.22,-2.04,-2.01
C054,Turbulence Capital (High Volatility),Highly Volatile,2021-Q4,12,19.32,10.68,5.79,1.53,84.35,3.98,2.2,2.01,22.31,24.02,1.65,4.65,-0.6,1.47
C054,Turbulence Capital (High Volatility),Highly Volatile,2022-Q1,13,26.52,14.71,7.9,2.33,87.01,6.12,2.53,3.13,22.31,24.02,1.29,4.04,-0.9,-0.48
C054,Turbulence Capital (High Volatility),Highly Volatile,2022-Q2,14,21.64,11.89,6.54,1.8,88.53,5.95,2.58,2.83,22.31,24.02,1.07,2.52,0.27,-1.28
C054,Turbulence Capital (High Volatility),Highly Volatile,2022-Q3,15,13.11,7.25,3.84,0.91,89.13,3.11,1.11,1.4,22.31,24.02,1.0,-0.59,-0.02,1.21
C054,Turbulence Capital (High Volatility),Highly Volatile,2022-Q4,16,11.04,6.14,3.24,0.64,89.91,2.57,1.01,1.49,22.31,24.02,1.0,0.55,0.14,0.09
C054,Turbulence Capital (High Volatility),Highly Volatile,2023-Q1,17,13.21,7.36,3.89,0.86,88.56,3.12,1.63,1.77,22.31,24.02,1.0,-0.6,-0.3,-0.45
C054,Turbulence Capital (High Volatility),Highly Volatile,2023-Q2,18,10.09,5.62,3.03,0.48,88.16,2.5,1.22,1.52,22.31,24.02,1.0,-1.34,-0.19,1.12
C054,Turbulence Capital (High Volatility),Highly Volatile,2023-Q3,19,5.64,3.15,1.67,0.01,91.55,1.33,0.56,0.62,22.31,24.02,1.0,1.96,-0.38,1.81
C054,Turbulence Capital (High Volatility),Highly Volatile,2023-Q4,20,6.9,3.78,2.06,0.19,94.66,1.68,0.78,0.7,22.31,24.02,1.0,1.62,0.23,1.27
C054,Turbulence Capital (High Volatility),Highly Volatile,2024-Q1,21,5.68,3.09,1.69,0.07,91.12,1.47,0.55,0.74,22.31,24.02,1.0,-0.94,-1.0,-1.61
C054,Turbulence Capital (High Volatility),Highly Volatile,2024-Q2,22,7.66,4.27,2.27,0.23,88.64,1.93,0.7,1.0,22.31,24.02,1.0,-1.63,0.4,-1.25
C054,Turbulence Capital (High Volatility),Highly Volatile,2024-Q3,23,9.02,4.85,2.67,0.53,88.73,1.9,0.9,0.96,22.31,24.02,1.0,0.09,-0.55,0.55
C054,Turbulence Capital (High Volatility),Highly Volatile,2024-Q4,24,11.76,6.41,3.45,0.82,88.35,2.67,1.51,1.52,22.31,24.02,1.0,0.96,-0.33,-1.01
C055,Wildcard Corp (High Volatility),Highly Volatile,2019-Q1,1,182.75,107.65,46.91,20.68,51.56,40.35,24.76,26.1,13.38,23.22,9.3,26.12,-8.8,-1.26
C055,Wildcard Corp (High Volatility),Highly Volatile,2019-Q2,2,199.15,116.72,51.5,22.74,65.58,55.34,21.48,23.09,13.38,23.22,14.59,29.43,-13.52,-1.88
C055,Wildcard Corp (High Volatility),Highly Volatile,2019-Q3,3,167.98,97.16,44.2,19.5,81.65,40.9,20.63,23.96,13.38,23.22,8.44,25.08,-7.31,-1.71
C055,Wildcard Corp (High Volatility),Highly Volatile,2019-Q4,4,167.0,98.22,42.49,19.26,93.68,34.8,18.07,20.73,13.38,23.22,13.22,27.08,-12.23,-2.82
C055,Wildcard Corp (High Volatility),Highly Volatile,2020-Q1,5,126.25,75.71,32.46,13.1,106.33,26.6,15.1,20.24,13.38,23.22,5.12,19.32,-3.79,-2.88
C055,Wildcard Corp (High Volatility),Highly Volatile,2020-Q2,6,79.64,47.51,20.88,7.98,113.3,20.68,9.86,12.42,13.38,23.22,6.73,12.2,-5.9,0.67
C055,Wildcard Corp (High Volatility),Highly Volatile,2020-Q3,7,109.43,63.4,28.67,12.56,117.76,27.36,11.97,15.3,13.38,23.22,7.15,13.33,-5.84,-3.03
C055,Wildcard Corp (High Volatility),Highly Volatile,2020-Q4,8,97.08,58.13,25.01,9.99,124.23,22.89,11.28,13.48,13.38,23.22,7.77,13.79,-7.09,-0.23
C055,Wildcard Corp (High Volatility),Highly Volatile,2021-Q1,9,107.44,62.81,27.94,12.06,131.14,29.2,12.93,11.66,13.38,23.22,5.83,13.43,-5.41,-1.12
C055,Wildcard Corp (High Volatility),Highly Volatile,2021-Q2,10,65.66,39.03,16.81,6.91,140.49,15.17,7.91,7.87,13.38,23.22,2.91,11.23,-2.24,0.36
C055,Wildcard Corp (High Volatility),Highly Volatile,2021-Q3,11,69.02,40.27,17.78,7.76,140.18,18.68,9.96,10.85,13.38,23.22,6.21,8.95,-6.2,-3.05
C055,Wildcard Corp (High Volatility),Highly Volatile,2021-Q4,12,84.44,49.09,21.43,9.98,150.06,18.89,9.45,12.42,13.38,23.22,4.38,13.29,-3.63,0.21
C055,Wildcard Corp (High Volatility),Highly Volatile,2022-Q1,13,116.19,67.88,30.6,12.82,154.08,31.47,10.61,12.46,13.38,23.22,8.88,14.5,-8.6,-1.88
C055,Wildcard Corp (High Volatility),Highly Volatile,2022-Q2,14,79.31,47.45,20.36,8.16,161.41,23.06,11.6,8.57,13.38,23.22,3.27,10.39,-1.91,-1.15
C055,Wildcard Corp (High Volatility),Highly Volatile,2022-Q3,15,46.94,27.19,12.07,5.3,164.11,13.8,5.96,7.25,13.38,23.22,1.98,5.95,-0.52,-2.73
C055,Wildcard Corp (High Volatility),Highly Volatile,2022-Q4,16,62.35,36.49,15.79,7.08,168.33,16.77,9.05,10.09,13.38,23.22,3.06,6.94,-2.21,-0.51
C055,Wildcard Corp (High Volatility),Highly Volatile,2023-Q1,17,81.28,47.22,21.39,9.05,173.19,21.45,11.08,11.05,13.38,23.22,7.22,11.1,-6.35,0.11
C055,Wildcard Corp (High Volatility),Highly Volatile,2023-Q2,18,122.17,72.39,31.63,13.15,179.74,24.48,11.15,14.48,13.38,23.22,6.44,15.06,-5.99,-2.53
C055,Wildcard Corp (High Volatility),Highly Volatile,2023-Q3,19,108.17,62.62,27.44,13.12,187.39,28.92,12.76,14.05,13.38,23.22,8.8,17.22,-8.16,-1.4
C055,Wildcard Corp (High Volatility),Highly Volatile,2023-Q4,20,144.2,86.0,37.15,15.33,199.28,38.14,14.42,20.3,13.38,23.22,9.5,22.67,-8.11,-2.67
C055,Wildcard Corp (High Volatility),Highly Volatile,2024-Q1,21,223.81,132.11,56.77,25.74,218.2,57.89,23.44,24.21,13.38,23.22,12.04,34.47,-10.84,-4.71
C055,Wildcard Corp (High Volatility),Highly Volatile,2024-Q2,22,174.34,104.53,44.8,18.3,230.82,45.35,22.06,24.67,13.38,23.22,12.85,26.16,-12.25,-1.3
C055,Wildcard Corp (High Volatility),Highly Volatile,2024-Q3,23,118.91,70.09,31.28,12.69,236.11,31.22,16.24,17.2,13.38,23.22,10.37,18.48,-9.96,-3.23
C055,Wildcard Corp (High Volatility),Highly Volatile,2024-Q4,24,111.28,66.01,28.44,12.16,244.07,22.3,12.16,18.28,13.38,23.22,6.68,16.75,-6.4,-2.4
